"1","Finding True Love","82","126","65","1408210964"
"2","Three Ways","98","117","41","1408210232"
"3","Unreciprocated Love","57","109","64","1408210235"
"4","It Can't Be True","77","93","45","1408210815"
"5","Riot","81","107","49","1408211174"
"6","Framed","67","87","49","1408209834"
"7","Secrecy","99","110","40","1408190626"
"8","Up High","79","106","34","1408208959"
"9","Knowledge","81","97","35","1408211168"
"10","Desolation","90","80","30","1408210079"
"11","Polar","78","93","40","1408211248"
"12","Embarrassment","50","116","54","1408211108"
"13","Survival Is Key","82","95","47","1408211098"
"14","Silence","83","78","43","1408208420"
"15","Rose","41","111","46","1408208438"
"16","Retrospection","62","113","38","1408209726"
"17","Reach Out","70","92","54","1408211272"
"18","Utopia","95","100","43","1408210527"
"19","Engineering","101","83","43","1408210769"
"20","Here's The Plan","89","93","39","1408211137"
"21","Nails","53","156","57","1408210861"
"22","Break Your Chains","112","92","39","1408199509"
"23","Betrayal","81","82","37","1408211186"
"24","The Others","73","114","55","1408211200"
"25","Renaissance","82","104","43","1408211020"
"26","It's Organic","66","96","39","1408208250"
"27","Subculture","44","116","46","1408211014"
"28","Mercy","60","94","52","1408211183"
"29","Baltimore","20","111","78","1408210223"
"30","Rise Above It","87","84","44","1408210285"
"31","Exchange","90","105","32","1408211104"
"32","Mirage","84","100","52","1408211244"
"33","Mythic","63","99","33","1408202857"
"34","Nothingness","75","88","51","1408209975"
"35","Rockets","71","94","38","1408208563"
"36","Confusion","86","98","50","1408206267"
"37","Feelings","51","100","55","1408210050"
"38","Ancient Lore","83","102","37","1408210927"
"39","Predator And Prey","117","106","46","1408210260"
"40","Black Hole","110","89","41","1408211247"
"41","Parts Per Billion","40","128","66","1408204359"
"42","Biomes","79","172","36","1408210871"
"43","Duplication","113","75","28","1408211309"
"44","Flatland","76","101","45","1408211129"
"45","Take Me With You","85","84","34","1408210835"
"46","Unreliable Narrative","117","101","35","1408206919"
"47","Potions","84","114","35","1408209498"
"48","Message","58","101","46","1408211137"
"49","Loser","63","115","62","1408209489"
"50","Caves Of Steel","47","113","49","1408205794"
"51","Literal","41","122","45","1408209689"
"52","Working Class","59","90","64","1408210913"
"53","Speed Of Light","83","103","33","1408209985"
"54","Undercover","101","108","42","1408211128"
"55","Solar System","86","98","30","1408210919"
"56","Staying Together For Ever","72","103","59","1408208569"
"57","Metroidvania","56","93","69","1408211000"
"58","Time Distortion","114","93","26","1408210989"
"59","It's A Grey Area","72","79","47","1408208467"
"60","Black And Blue","50","106","49","1408203942"
"61","Table","44","100","61","1408210807"
"62","Politically Incorrect","58","94","70","1408195634"
"63","Afterlife","100","84","34","1408211066"
"64","Transgender","63","112","90","1408211078"
"65","Two Protagonists","87","92","34","1408194315"
"66","Why Bother?","62","95","67","1408210711"
"67","Optical Illusions","74","80","43","1408201971"
"68","No Life","83","115","42","1408210643"
"69","Glass","57","108","40","1408206893"
"70","The Only One","84","80","42","1408209587"
"71","The End Of The World As We Know It","97","70","48","1408206609"
"72","First On Mars","94","90","46","1408210511"
"73","Ideas","53","132","63","1408205779"
"74","Water Is Life","108","99","26","1408198492"
"75","Justice","77","105","47","1408200894"
"76","Thermals","45","109","53","1408207493"
"77","Parasites","105","73","39","1408208414"
"78","Lo-Fi","75","113","56","1408206626"
"79","Water Is Killing Me","83","94","33","1408211138"
"80","Chaos","115","68","23","1408198529"
"81","Dawn Of Time","89","109","40","1408210709"
"82","Period Piece","49","106","61","1408204448"
"83","We Are Beautiful","52","114","60","1408210997"
"84","They Come At Night","101","95","28","1408202943"
"85","Computers","74","83","42","1408211191"
"86","Paradox","96","75","26","1408210622"
"87","Incesticide","24","95","78","1408198515"
"88","Increasing Velocity","85","94","30","1408208333"
"89","Searching","87","76","31","1408208443"
"90","Hanging","51","121","43","1408207500"
"91","Holidays","53","124","65","1408211117"
"92","Healing","73","76","49","1408211044"
"93","Celebration","52","121","48","1408209796"
"94","Full Circle","99","96","40","1408211041"
"95","Puns","58","108","60","1408208919"
"96","Abyss","94","89","38","1408211281"
"97","Tree","74","93","45","1408205559"
"98","Off The Hook","68","116","49","1408210882"
"99","Bolts","51","121","43","1408211193"
"100","Noble","65","141","43","1408211189"
"101","Moon","98","89","30","1408209024"
"102","On Wheels","82","116","52","1408207132"
"103","Inside Out","83","81","28","1408191362"
"104","I'm Sorry, I Haven't A Clue","51","93","66","1408211043"
"105","Drift","70","110","54","1408210897"
"106","Minions","103","74","35","1408210947"
"107","On The Green","60","123","35","1408211128"
"108","It Wont Last Long","99","99","29","1408211286"
"109","Light","97","89","37","1408211184"
"110","Ponies","43","105","82","1408211012"
"111","Fire","89","105","37","1408211275"
"112","Sidelining","24","122","64","1408211278"
"113","Everyday Adventures","79","82","39","1408210021"
"114","Paths Yet Explored","81","95","48","1408209457"
"115","Empire","81","105","34","1408211018"
"116","All I Want Is Your Hearts","74","104","71","1408204907"
"117","You're Dying As We Speak","97","70","51","1408210944"
"118","Rights","57","101","63","1408205719"
"119","Synergy","79","110","47","1408210887"
"120","That Which You Hold Dearest","67","95","48","1408208970"
"121","Stereotypes","63","105","65","1408204795"
"122","Copy Paste Error","63","76","66","1408210601"
"123","Welcome","57","147","64","1408200733"
"124","It's Too Damn High!","85","94","39","1408206890"
"125","Pandas","64","121","60","1408209667"
"126","The Fourth Dimension","87","70","56","1408207203"
"127","Shortcuts","94","89","37","1408211115"
"128","Control Time","99","86","43","1408210890"
"129","Experimentation","120","73","34","1408206170"
"130","Substance","69","121","44","1408207112"
"131","Sequence","69","103","42","1408210947"
"132","Action","44","90","79","1408206606"
"133","Upside Down","105","90","34","1408207141"
"134","Sub Atomic","73","112","39","1408210973"
"135","Through Hell And Back","86","101","38","1408211175"
"136","No Dialogue","72","92","41","1408209730"
"137","The Cave","83","80","36","1408210956"
"138","Eureka","66","118","49","1408205918"
"139","Unholy","58","104","40","1408211166"
"140","Analog","71","96","38","1408211054"
"141","Unique","70","99","47","1408206892"
"142","Rock","71","96","46","1408211217"
"143","Silver","52","114","60","1408211227"
"144","Robot In Disguise","94","82","44","1408203951"
"145","Emulation","62","117","56","1408207348"
"146","Upbringing","65","116","52","1408211206"
"147","Make Your Own Hero","86","99","56","1408210848"
"148","Minimalism","94","71","45","1408208509"
"149","Existentialism","60","96","68","1408208508"
"150","Fired","55","103","45","1408210289"
"151","Steampunk","79","102","53","1408209884"
"152","Squids","67","137","40","1408208730"
"153","Tycoon","60","103","52","1408211190"
"154","Hidden In Plain Sight","97","94","35","1408202473"
"155","Friends","58","106","40","1408200433"
"156","This Happens To Me Every Day","106","71","34","1408211184"
"157","Insanity","115","97","37","1408210939"
"158","Spiders","49","141","65","1408191368"
"159","Seven Deadly Sins","69","87","46","1408209219"
"160","Children","52","126","59","1408209769"
"161","Surreal","93","82","25","1408209989"
"162","Manual Labour","71","115","33","1408211002"
"163","Tripod","48","117","57","1408199768"
"164","Fun","65","99","68","1408208946"
"165","Fight To Death","81","115","48","1408211145"
"166","Vintage","78","134","44","1408208811"
"167","Harmony","79","99","45","1408207128"
"168","Through The Looking Glass","70","82","45","1408211158"
"169","Terraform","87","90","32","1408198353"
"170","Vivid","75","111","57","1408210681"
"171","Reflections","96","84","37","1408208940"
"172","Octopus","67","101","46","1408209069"
"173","Sunset","67","111","30","1408194569"
"174","New Sport","50","106","58","1408211012"
"175","Middle Class","48","119","59","1408211014"
"176","What Is That In The Distance?","118","67","39","1408210979"
"177","Escape","120","83","29","1408209654"
"178","Alternate Form","110","78","38","1408204904"
"179","Refuse","64","117","40","1408208210"
"180","Terminal","78","100","42","1408206766"
"181","Nothing To Lose","105","82","30","1408209669"
"182","Suspense","72","94","46","1408207063"
"183","Perfection","70","96","51","1408211265"
"184","Did You Hear Me?","61","108","42","1408211198"
"185","Being Green","60","96","35","1408211184"
"186","Hunt Or Be Hunted","102","81","39","1408208497"
"187","Life Of Robots","99","94","41","1408210834"
"188","It's Yours Now","75","101","47","1408208446"
"189","Urban Jungle","90","90","36","1408210867"
"190","Spread","85","98","46","1408211122"
"191","Vehicles","64","104","53","1408206204"
"192","Preparation","76","103","35","1408206610"
"193","Eastern","59","100","63","1408207219"
"194","In The Shadows","107","67","29","1408210752"
"195","Alternatives","82","90","28","1408211182"
"196","Fools Rush In","63","83","38","1408208826"
"197","Time Flies Like An Arrow","72","103","48","1408201203"
"198","Kittens","64","93","60","1408211284"
"199","Contrast","97","83","33","1408206477"
"200","Don't Do It","85","95","32","1408210047"
"201","Conversion","80","95","51","1408206363"
"202","What's Mine Is Yours","74","81","55","1408210822"
"203","Money Is Nothing","74","111","39","1408204466"
"204","Exploration","117","69","39","1408210992"
"205","Repetition","68","98","57","1408209673"
"206","Sun","85","96","43","1408210624"
"207","I Can See Through Walls","88","99","45","1408206744"
"208","Value","51","103","55","1408209361"
"209","Leftovers","57","105","41","1408210912"
"210","What You Believe","70","105","50","1408211135"
"211","Karma","97","84","38","1408208937"
"212","Immersion","66","107","39","1408211134"
"213","Missing Person","81","87","32","1408208519"
"214","Colony","110","93","39","1408207208"
"215","Note","53","119","53","1408210456"
"216","Cellular Automata","53","108","51","1408196866"
"217","Dying To Be Me","41","101","62","1408211260"
"218","Make It So","52","109","41","1408208901"
"219","Keys","71","94","34","1408209695"
"220","Pageant","21","128","60","1408211123"
"221","Wall","78","115","49","1408207086"
"222","Folklore","92","95","45","1408210171"
"223","Jump","58","90","55","1408211134"
"224","No More Robots","69","98","39","1408207036"
"225","Big Night Out","58","131","56","1408210904"
"226","Carcass","47","104","55","1408198391"
"227","Activist","48","125","55","1408209987"
"228","Money Is No Object","56","95","48","1408208632"
"229","Where Did That Go?","64","97","59","1408211283"
"230","Future","92","86","45","1408200824"
"231","Lost In Translation","79","117","34","1408209780"
"232","Slavery","77","98","74","1408210915"
"233","Magic Numbers","48","100","53","1408207025"
"234","Be Who You Are","69","95","52","1408207013"
"235","Heroic","69","107","48","1408211192"
"236","Nihilism","56","121","66","1408211199"
"237","Pieces","77","84","41","1408211126"
"238","Define","43","122","48","1408211016"
"239","Inhuman","70","109","48","1408211238"
"240","Esoteric","51","112","65","1408207043"
"241","Aquatic Life","62","107","34","1408211186"
"242","Wild West","72","117","41","1408199514"
"243","Pan-Universal","36","130","70","1408208410"
"244","Bronze Age","60","128","50","1408208920"
"245","Black Box","80","92","43","1408210997"
"246","Only Temporary","98","86","28","1408210662"
"247","Girl Power","65","96","56","1408208965"
"248","Autumnal","61","110","61","1408210008"
"249","Fairytale","70","98","46","1408211013"
"250","Empty","96","111","56","1408208044"
"251","Size Matters","92","76","35","1408209690"
"252","Fix","82","98","39","1408207269"
"253","Respond","48","111","44","1408208981"
"254","Scrolls","62","112","44","1408210444"
"255","First Encounter","107","96","28","1408209718"
"256","Heroes","66","117","52","1408210001"
"257","Pets","49","140","39","1408211243"
"258","They Came From The Stars","100","74","41","1408208843"
"259","Flying","93","99","41","1408206507"
"260","Electric Sheep","83","92","54","1408206655"
"261","Democracy","58","92","58","1408209977"
"262","My Low Budget Sequel","65","89","66","1408211203"
"263","Ring","66","118","58","1408209662"
"264","Everybody Dies","110","90","43","1408208746"
"265","Lost In Space","143","81","33","1408205677"
"266","Free The Aliens","67","95","48","1408210196"
"267","Resolving Conflicts","66","101","52","1408211233"
"268","Through","60","116","51","1408210698"
"269","Death As Progression","89","81","36","1408210937"
"270","Everything Is Burning","97","95","30","1408208893"
"271","Clothing","39","135","54","1408209871"
"272","Space","103","70","34","1408210915"
"273","Take It To The Top","80","86","31","1408208516"
"274","Scream","44","126","61","1408210910"
"275","A Dark And Stormy Night","99","93","40","1408211024"
"276","Let's Enhance","87","97","41","1408207081"
"277","Submerged","86","102","46","1408211008"
"278","Where No One Has Gone Before","125","77","46","1408208620"
"279","The Dark Ages","80","93","49","1408210264"
"280","Lasers","92","102","37","1408211237"
"281","Nevermind","52","107","72","1408211010"
"282","Vampires","40","112","63","1408191000"
"283","Burning World","78","86","34","1408211205"
"284","Pacifist","100","77","52","1408210956"
"285","Noire","70","97","53","1408211245"
"286","Canonical","39","121","64","1408211166"
"287","The Price Of Peace","79","113","39","1408209941"
"288","Historical","54","102","47","1408209919"
"289","Unexpected","91","78","48","1408209776"
"290","Monkey","51","118","52","1408211148"
"291","Best Path","79","97","35","1408204179"
"292","Intelligent Beings","75","106","43","1408207502"
"293","Trains","85","108","40","1408208441"
"294","Health","57","96","60","1408209737"
"295","Flow","115","81","34","1408210879"
"296","Emotion","57","100","46","1408200674"
"297","The State","46","130","54","1408209672"
"298","Collector","75","83","41","1408196707"
"299","Consumption","97","70","31","1408209468"
"300","The Last Time","100","100","41","1408200339"
"301","You Are The Boss","107","79","40","1408199151"
"302","Super","40","95","58","1408206998"
"303","Abstract Art","66","117","60","1408211238"
"304","The Player Is Always Right","87","80","51","1408208888"
"305","Cookies","68","105","57","1408199838"
"306","Oppression","75","100","63","1408211223"
"307","Free Your Mind","81","112","42","1408206378"
"308","Do No Harm","105","65","37","1408209995"
"309","Taken Apart","95","86","23","1408209943"
"310","Fantasy Sport","58","119","66","1408206997"
"311","Pressure","91","93","35","1408210092"
"312","Attack And Defend","74","81","47","1408210742"
"313","Before","70","99","45","1408189672"
"314","The Infidel","47","113","71","1408210931"
"315","Tomorrow I Will Know","98","96","44","1408207855"
"316","Linching","27","108","92","1408211281"
"317","We Need More Eggs!","76","98","62","1408211150"
"318","Easy","42","122","74","1408211265"
"319","Toast","67","93","61","1408211238"
"320","Arctic Fire","77","105","35","1408210850"
"321","Interlocking","76","82","39","1408211136"
"322","Part Of A Crowd","98","111","40","1408210621"
"323","Eternal Sadness","43","107","54","1408208501"
"324","Alchemy","108","82","37","1408211256"
"325","Normal","43","106","82","1408199594"
"326","The Journey Is What Matters","91","92","42","1408211005"
"327","Fatality","62","105","47","1408211049"
"328","Comfort","47","101","57","1408211125"
"329","Scale","89","92","36","1408210778"
"330","A Knife In The Dark","69","108","38","1408207228"
"331","Seasons","88","90","42","1408204564"
"332","Dogs","48","128","51","1408210883"
"333","Liquid","75","90","39","1408204602"
"334","Change","80","98","32","1408207913"
"335","The Enemy Is Yourself","118","78","34","1408211132"
"336","Miracle","59","108","42","1408208788"
"337","Dystopia","93","83","40","1408199784"
"338","Ideology","66","120","51","1408208867"
"339","Earthly Powers","52","127","43","1408211288"
"340","Hiker","72","118","51","1408207217"
"341","Development","72","99","45","1408210954"
"342","Flight","68","76","39","1408210994"
"343","Fusion","103","94","29","1408211141"
"344","Heavy","75","99","45","1408211017"
"345","Faceless","64","93","36","1408207475"
"346","Topiary","46","138","55","1408208341"
"347","Expansion","99","70","23","1408209709"
"348","Ethical Dilemma","78","102","52","1408194102"
"349","Cooler","35","122","51","1408208411"
"350","Into The Woods","115","90","45","1408205896"
"351","Flowers","57","108","49","1408210230"
"352","Pizza","67","82","65","1408209128"
"353","Driven","52","117","51","1408207385"
"354","Paper","69","105","44","1408211267"
"355","You Are Wrong","80","90","52","1408208726"
"356","Overpopulation","97","72","29","1408207135"
"357","Cry","56","116","52","1408211253"
"358","Reconsider","81","101","40","1408209574"
"359","Anniversary","27","129","53","1408199729"
"360","No Return","111","69","32","1408209739"
"361","Unjust War","61","99","55","1408208980"
"362","Questions","76","117","40","1408208982"
"363","Monogamy","31","115","105","1408208415"
"364","Self-Mutilation","49","92","88","1408210948"
"365","An Ingenious Machine","69","94","38","1408211083"
"366","Rivals","68","110","30","1408209814"
"367","Not Like The Others","81","100","35","1408208742"
"368","Boo!","66","108","84","1408204495"
"369","Circles","81","98","53","1408211084"
"370","Stranded","100","78","30","1408208408"
"371","Never Stopping","94","72","47","1408199135"
"372","Rise To Power","96","90","34","1408203692"
"373","Misanthropy","61","104","68","1408207018"
"374","Demons","70","112","50","1408198350"
"375","Don't Eat That!","92","91","40","1408210638"
"376","You Had One Job","106","92","38","1408211242"
"377","A Different Perspective","112","74","30","1408209430"
"378","Tried And True","34","113","58","1408211224"
"379","No Violence","86","84","49","1408184155"
"380","No Hope","95","101","55","1408207064"
"381","How Much Longer?","63","95","54","1408211029"
"382","Two Sides To Everything","114","74","29","1408211092"
"383","Multiples","69","107","47","1408202916"
"384","Blisters","30","111","60","1408210946"
"385","Gold","66","94","58","1408210823"
"386","Capitalism","67","108","55","1408206308"
"387","Strange","81","92","50","1408206933"
"388","The Power Of Machines","104","67","35","1408208419"
"389","Bugs","88","85","36","1408211031"
"390","Bits And Pieces","98","106","30","1408207918"
"391","Everyone Is A Monster","132","77","38","1408211254"
"392","Hearts","58","118","56","1408208962"
"393","Originality","51","90","68","1408210875"
"394","Money","101","111","40","1408210013"
"395","Familiar","53","117","50","1408201930"
"396","Duality","84","85","42","1408209658"
"397","Influence","101","86","37","1408207118"
"398","Perception","81","79","38","1408205679"
"399","Must Be Three","78","102","41","1408210611"
"400","Mistaken For Strangers","62","113","54","1408208813"
"401","Harmonious","79","103","54","1408211241"
"402","Larger Than Life","88","100","30","1408211042"
"403","Greek Gods","79","102","41","1408209496"
"404","Parallel","102","83","43","1408211099"
"405","Life","64","103","43","1408181383"
"406","All The Things","49","108","51","1408211225"
"407","Fluffy","63","118","59","1408211106"
"408","You Can't Fight Back","121","81","36","1408208528"
"409","It Just Dies","89","92","55","1408209921"
"410","Varience","43","105","55","1408209714"
"411","Wheels","58","109","54","1408209714"
"412","Brewing","73","104","55","1408199838"
"413","You Can Save Them All","91","86","38","1408211309"
"414","Neon","66","98","59","1408207334"
"415","Earth Is Alive","87","83","37","1408206885"
"416","Britain","44","111","57","1408209661"
"417","You Can't Do It Solo","100","82","41","1408211006"
"418","Hidden","107","89","42","1408211308"
"419","Almost","65","96","46","1408202834"
"420","Growth","112","83","31","1408211244"
"421","Libraries","68","72","36","1408204390"
"422","Breeders","59","101","55","1408211299"
"423","Changing The Past","93","77","35","1408211022"
"424","Food Chains","82","106","44","1408206769"
"425","Doctor","65","120","46","1408199500"
"426","Misdirection","77","87","36","1408211071"
"427","Now Or Never","103","83","41","1408210889"
"428","That Shifting Groove","52","114","62","1408210922"
"429","Professor","52","129","53","1408207514"
"430","Anime","51","95","84","1408211121"
"431","Growing Up","102","78","28","1408203270"
"432","Don't Overdo It","78","98","43","1408211204"
"433","Hemorrhage","37","108","60","1408209528"
"434","Run","71","94","56","1408206034"
"435","Parallel Worlds","114","78","29","1408196764"
"436","Dug Too Deep","95","68","36","1408210920"
"437","Who Dares Wins","54","92","56","1408211004"
"438","Rise Of","62","98","64","1408210617"
"439","The Pen Is Mightier Than The Sword","93","63","60","1408210258"
"440","The Deep Dark","108","88","35","1408210128"
"441","We Want A Shrubbery","61","118","77","1408210182"
"442","Get Out","93","90","34","1408194268"
"443","Police Action","65","95","51","1408211188"
"444","Clarity","79","115","37","1408210069"
"445","Vengeance","66","99","44","1408200469"
"446","Fake Empire","62","95","51","1408205848"
"447","User Interface","48","84","65","1408209700"
"448","Keep Away","86","88","42","1408205890"
"449","Theatre","62","103","49","1408208556"
"450","Why Can't We Be Friends","90","88","55","1408207041"
"451","Clock","81","112","52","1408204962"
"452","Trees","86","100","52","1408207226"
"453","Fast-Paced","91","105","46","1408209766"
"454","Consequence","94","86","27","1408211271"
"455","Serve The Servants","59","102","54","1408211275"
"456","Love Is All","56","99","58","1408192156"
"457","Cops","50","115","50","1408211304"
"458","Love Life","64","103","58","1408211025"
"459","Dominos","47","106","55","1408211003"
"460","Survival Through Isolation","79","106","39","1408209086"
"461","Nameless","70","119","54","1408208722"
"462","You Can't Help But Kill","83","85","52","1408207088"
"463","Death","75","95","37","1408211012"
"464","Knowledge Is Power","120","70","35","1408210934"
"465","Losing Is Fun","93","67","51","1408210926"
"466","Points Of View","119","82","38","1408211213"
"467","Ephemeral","58","91","50","1408210992"
"468","Technology","91","86","38","1408210804"
"469","Dimensions","117","93","35","1408196283"
"470","Space Adventure","91","82","40","1408211274"
"471","Go On Alone","80","94","46","1408210810"
"472","Living On Water","94","80","40","1408206286"
"473","Farming","72","93","62","1408210861"
"474","Narrative","59","94","57","1408211277"
"475","Bring A Friend","96","90","34","1408199831"
"476","Rocks","78","96","47","1408210903"
"477","Organization","67","110","48","1408197050"
"478","Antihero","88","88","35","1408207220"
"479","Simulation","80","100","51","1408211288"
"480","Swarm","97","84","37","1408211189"
"481","Match","49","149","61","1408200553"
"482","Kill","70","99","64","1408196928"
"483","Ritual","91","88","32","1408206653"
"484","Invasion","96","95","31","1408211286"
"485","Do Re Mi","44","107","93","1408208056"
"486","Speed","110","82","32","1408208391"
"487","Freeze","102","99","48","1408207401"
"488","Get Your Ass To Mars","91","85","57","1408210952"
"489","Anarchy","101","94","38","1408211162"
"490","Time And Space Manipulation","102","78","43","1408211272"
"491","Magnetism","108","90","46","1408209421"
"492","Misinformation","98","87","36","1408208583"
"493","Opacity","84","95","49","1408209633"
"494","Power Of Light","116","78","41","1408210998"
"495","Far Beyond The Horizon","89","99","35","1408210626"
"496","Blocks Of Colour","66","108","60","1408209949"
"497","Stunted","32","146","43","1408211001"
"498","No One Can See You","120","82","34","1408211090"
"499","Stash It","69","93","42","1408203795"
"500","Mind How You Go","58","116","44","1408210087"
"501","Folded Space","83","80","38","1408205696"
"502","Retro Evolved","75","86","48","1408208909"
"503","You Lost The Game","66","92","68","1408196722"
"504","Disinformation","83","91","48","1408209615"
"505","Too Far Gone","96","114","47","1408205724"
"506","Unlimited Power","99","101","39","1408211287"
"507","Ball","60","130","53","1408211281"
"508","You Are The Enemy","112","71","32","1408210629"
"509","Roots","89","99","40","1408208508"
"510","Mars Attacks","62","95","65","1408211285"
"511","Loops","101","92","35","1408211082"
"512","Num Num","44","105","75","1408210937"
"513","Hiding","81","91","25","1408210949"
"514","Humor","66","115","40","1408209501"
"515","New Life","86","91","30","1408211004"
"516","One Room","117","85","40","1408210850"
"517","Realism","48","107","46","1408210616"
"518","Floral","51","108","57","1408205845"
"519","No Goal","74","95","43","1408205764"
"520","Unconventional Warfare","90","82","47","1408208661"
"521","Controversy","63","90","53","1408210718"
"522","Lights And Shadows","102","67","27","1408210053"
"523","Purity","66","126","37","1408210220"
"524","Conspiracy","101","106","36","1408211211"
"525","Contradiction","96","90","36","1408200540"
"526","Moral Dilemmas","71","81","37","1408208658"
"527","Running","64","104","52","1408201240"
"528","Backwards","110","94","29","1408211278"
"529","Sticky","73","122","34","1408210617"
"530","Zodiac","57","110","55","1408211176"
"531","Distilled","65","114","56","1408211252"
"532","Maps","117","94","40","1408209710"
"533","Exhibition","52","123","56","1408209476"
"534","Misleading","82","90","35","1408210767"
"535","Feminism","40","85","93","1408210945"
"536","Macro","66","107","43","1408205644"
"537","Renovation","62","123","40","1408207074"
"538","Real Life","53","118","62","1408208860"
"539","One Level","117","88","34","1408211077"
"540","Factory","89","101","39","1408210970"
"541","Magical Girl","80","107","57","1408206846"
"542","Selfie","44","96","120","1408208431"
"543","Conditioning","51","124","42","1408208777"
"544","Galaxy","95","90","40","1408211261"
"545","Planet","89","88","38","1408201044"
"546","Management","82","100","60","1408210962"
"547","I For One Welcome Our New Robot Overlords","100","60","50","1408211172"
"548","Time","84","89","40","1408211213"
"549","Trapper","56","120","37","1408201630"
"550","DNA","87","95","43","1408211280"
"551","Stream","78","116","53","1408210231"
"552","Through The Wormhole","118","88","34","1408204901"
"553","When I Do Wrong","66","120","52","1408210950"
"554","Our God Is Evil","86","89","46","1408209602"
"555","Suddenly","66","100","51","1408211132"
"556","Grass","62","87","64","1408205785"
"557","Peace Not War","88","113","58","1408210516"
"558","Who Am I?","89","95","35","1408209635"
"559","Twelve Steps","68","108","50","1408210191"
"560","Fallen Princess","71","111","48","1408210939"
"561","Transhumanism","69","93","60","1408207566"
"562","Soon, It Will All Be Over","84","93","46","1408209009"
"563","Last Chance","82","99","24","1408204351"
"564","Three Weapons","89","79","43","1408209691"
"565","Freak","71","107","44","1408207159"
"566","Climate Change","61","89","59","1408182468"
"567","Hunter","95","105","37","1408211098"
"568","Rhyming","49","97","60","1408207106"
"569","Over The Top","95","89","30","1408209194"
"570","Respect","55","117","48","1408203945"
"571","Clowns","38","119","71","1408211164"
"572","One Week Left To Live","76","113","63","1408211203"
"573","Leaving It Behind","101","105","35","1408210988"
"574","Politics","45","113","67","1408207028"
"575","Day And Night","125","69","40","1408201655"
"576","The House","81","108","36","1408211246"
"577","Antique Spacecraft","101","87","53","1408209919"
"578","It's A Trap!","110","72","42","1408200522"
"579","Mission Statement","36","117","66","1408209955"
"580","Asylum","75","114","47","1408208907"
"581","Overheat","84","122","40","1408211153"
"582","Building Bridges","86","92","33","1408193058"
"583","Strange Weather","99","94","27","1408211287"
"584","One Minute","97","90","36","1408207018"
"585","Code","82","91","44","1408198280"
"586","Hi, It's Me Again","78","90","62","1408207139"
"587","Chemistry","111","91","32","1408209582"
"588","Behind You","78","86","41","1408206283"
"589","Easter Eggs","75","98","58","1408210954"
"590","Skateboarding","34","133","66","1408211012"
"591","Perspective","81","80","32","1408204061"
"592","Unknown","73","93","53","1408208644"
"593","See Through","88","102","32","1408210796"
"594","Incoming Transmission","83","79","37","1408209981"
"595","Boss","83","111","59","1408211160"
"596","When Is Never","58","99","76","1408202929"
"597","The Fruits Of Life","67","115","35","1408210731"
"598","Rich","49","101","58","1408207500"
"599","Nurture","64","110","47","1408210675"
"600","Materia","35","118","91","1408204601"
"601","I Miss You","49","106","58","1408211298"
"602","Sacrifice","94","71","27","1408210965"
"603","Paranormal","78","105","37","1408207199"
"604","Puppets","83","102","49","1408211192"
"605","Mutilation","49","111","50","1408204641"
"606","Corporations","76","102","40","1408211305"
"607","A Deadly Truth","84","103","35","1408206883"
"608","Just You","85","94","42","1408205161"
"609","Self Image","52","111","59","1408210651"
"610","Isometric Open World","65","96","72","1408211290"
"611","Waste","83","103","35","1408208744"
"612","Outside","86","99","34","1408211232"
"613","Meaningless","55","88","54","1408210968"
"614","A Friendship Lasting","47","106","47","1408200901"
"615","Prophecy","76","112","42","1408211298"
"616","Human Shields","72","81","33","1408198751"
"617","Hell","86","102","50","1408210934"
"618","Medicine","60","94","43","1408211167"
"619","Resurrection","96","73","28","1408210964"
"620","Transformation","114","72","31","1408206735"
"621","Shifting Gears","66","119","43","1408211245"
"622","The Game Cheats","100","94","37","1408209991"
"623","Four Elements","103","77","39","1408211292"
"624","Alternate Reality","110","84","34","1408208790"
"625","Reaction","79","79","41","1408210174"
"626","Atop The Clouds","105","91","31","1408210983"
"627","Read","54","115","51","1408198428"
"628","Jump In Time","109","87","44","1408208615"
"629","Free To Play","45","81","83","1408208730"
"630","The New World Order","77","73","44","1408211148"
"631","Hell And Heaven","94","98","69","1408211162"
"632","Antimatter","72","100","37","1408207075"
"633","Massacre","58","95","35","1408211308"
"634","Unseen","93","81","20","1408211191"
"635","Heist","91","100","33","1408208991"
"636","Oops, I Did It Again","58","74","53","1408210035"
"637","I'm Scared Like You","61","79","46","1408211124"
"638","Festival","56","104","54","1408211069"
"639","Women","66","78","54","1408211235"
"640","Your Village Is On Fire!","94","95","47","1408210150"
"641","Pawns","66","111","35","1408209131"
"642","Fat Body","45","94","75","1408211141"
"643","Humanity","69","100","48","1408210261"
"644","Chain","90","98","40","1408209701"
"645","Underground","115","78","40","1408208915"
"646","Recurrence","86","115","38","1408211177"
"647","Learn","77","112","54","1408210992"
"648","Sentence Enhancers","47","118","75","1408210608"
"649","Trust No One","123","74","25","1408211268"
"650","My Mind Is Out Of Control","104","105","46","1408210716"
"651","Where Is Mum?","63","113","64","1408200038"
"652","Spirits","83","93","27","1408211235"
"653","The World Is Burning","98","89","40","1408205121"
"654","So Strong And Yet So Weak","100","92","40","1408206914"
"655","Foreign","64","111","43","1408208628"
"656","Bath Night","45","100","72","1408207412"
"657","Do It Yourself","100","87","37","1408206760"
"658","Slippery","67","128","66","1408202656"
"659","False Hope","94","80","36","1408203957"
"660","Scientist","86","102","34","1408211170"
"661","Cacophony","39","127","54","1408195891"
"662","Free Fall","84","71","41","1408211122"
"663","Animal Fighting","58","101","60","1408211297"
"664","Important Decisions","90","98","47","1408210990"
"665","I Want More Life!","70","100","54","1408209790"
"666","Man Vs Nature","97","66","37","1408210952"
"667","War","69","116","59","1408211167"
"668","Science","118","87","39","1408208610"
"669","Not On My Watch","90","97","33","1408204600"
"670","Drugs","49","71","72","1408210948"
"671","Gender","61","113","90","1408210857"
"672","Honey","45","115","48","1408205795"
"673","Portals","74","95","46","1408208635"
"674","Eight Is Enough","89","84","53","1408202984"
"675","Pearls Of Wisdom","45","146","55","1408197309"
"676","Shape Shifter","108","78","45","1408208817"
"677","Island","104","84","33","1408210875"
"678","Survive","113","72","40","1408211284"
"679","Planets","91","95","23","1408208528"
"680","Ruling Class","62","95","59","1408211037"
"681","You're Not Supposed To Be Here","135","68","45","1408209681"
"682","The Final Frontier","94","95","30","1408197771"
"683","Companion","84","73","34","1408208415"
"684","Green","61","105","48","1408197974"
"685","The World Is Alive","110","91","29","1408211017"
"686","Unusual Controls","88","98","55","1408208383"
"687","Forgive","69","109","44","1408211215"
"688","The Few","78","95","39","1408208406"
"689","Ignition","83","94","45","1408210203"
"690","Only An Inch","57","95","55","1408208534"
"691","Protest","76","129","37","1408210856"
"692","Naughty Step","49","129","53","1408211216"
"693","Afraid Of Everyone","92","86","32","1408206701"
"694","Philosophy","70","129","56","1408185130"
"695","Frost Touch","49","128","38","1408202863"
"696","Paranoia","106","96","37","1408203424"
"697","For Glory!","77","101","64","1408208395"
"698","Umbra","56","120","57","1408208491"
"699","Paste","33","107","64","1408203046"
"700","New World","86","75","38","1408206985"
"701","Overpowered","86","89","36","1408211195"
"702","Break It; Fix It","110","74","38","1408211163"
"703","Drama","44","114","64","1408208325"
"704","None Of Your Business","60","104","48","1408211232"
"705","Dream","99","94","38","1408209450"
"706","Experience","96","94","36","1408204890"
"707","Your Last Dream","99","103","44","1408207066"
"708","Fire It Up","85","98","43","1408206744"
"709","Laughter","50","109","43","1408208923"
"710","There Is Only One Rule","109","74","38","1408210974"
"711","Joints","42","119","53","1408208842"
"712","Organic","95","105","35","1408210746"
"713","The Journey Home","96","74","30","1408208629"
"714","Your Own Country","71","91","37","1408209039"
"715","No Killing","105","85","29","1408207083"
"716","Use The Force","65","107","66","1408210878"
"717","Lost","103","72","45","1408209471"
"718","Pirates","78","96","35","1408211170"
"719","Introvert","61","116","62","1408211006"
"720","Shakespeare","40","103","70","1408209634"
"721","Trading","84","67","44","1408210942"
"722","Things That Break","105","84","37","1408211205"
"723","Air","70","111","43","1408211007"
"724","Miss The Target","63","126","44","1408210852"
"725","Bullet Hell","62","87","62","1408207045"
"726","Out Of This World","88","89","34","1408210780"
"727","Nirvana","56","106","51","1408205970"
"728","Money Corruption","69","92","45","1408206274"
"729","Nuclear","83","87","38","1408211066"
"730","Ark","59","119","46","1408210264"
"731","Substitute","67","107","41","1408208827"
"732","Division","81","95","36","1408210010"
"733","Exciting","67","116","62","1408209028"
"734","Plantation","58","116","46","1408210619"
"735","Sea People","66","96","41","1408209303"
"736","No Time Left","83","93","29","1408210276"
"737","Avoidance","73","112","42","1408203290"
"738","In The Air","86","87","37","1408210008"
"739","Destruction","80","97","38","1408206300"
"740","Time Difference","99","84","26","1408210269"
"741","Distance","89","90","28","1408196628"
"742","And Then There Were None","80","82","35","1408208407"
"743","Up Is Down","81","100","45","1408209491"
"744","Everything Must Go","81","97","33","1408211195"
"745","Unsure","66","110","55","1408211157"
"746","Improvise","79","90","36","1408211083"
"747","Holy Relic","63","103","48","1408211141"
"748","Chicken","70","96","63","1408207111"
"749","Above The Waves","77","105","34","1408195992"
"750","Downtrodden","53","143","45","1408210989"
"751","Grinding","50","119","69","1408209683"
"752","Bad God","95","100","62","1408210745"
"753","Dissension","64","124","42","1408206755"
"754","Bitter","38","126","61","1408207846"
"755","Gravity","107","93","42","1408211223"
"756","Other People","58","111","52","1408202311"
"757","Accused","58","119","36","1408209696"
"758","Timeless","89","87","44","1408211087"
"759","Necromancy","81","88","40","1408200918"
"760","Forces Of Nature","116","74","31","1408208802"
"761","Peace","63","101","37","1408204863"
"762","Exile","94","90","42","1408210793"
"763","Growing","123","80","34","1408210874"
"764","Energy","90","85","32","1408211169"
"765","Happy Anniversary!","40","123","69","1408211290"
"766","Reproduction","90","85","52","1408209014"
"767","Meteor","102","92","31","1408209572"
"768","Hate","52","119","45","1408199515"
"769","Barren Wasteland","64","94","44","1408208291"
"770","Sulfur","40","138","59","1408205414"
"771","Smoke Is All Around Me","71","90","39","1408207122"
"772","Boat","65","121","62","1408197138"
"773","Unbalanced","103","84","37","1408211180"
"774","Sea Life","74","104","40","1408211204"
"775","Otherworldly","68","96","32","1408200236"
"776","Lovecraft","71","88","65","1408210920"
"777","Timeloops","88","92","38","1408210274"
"778","A World Gone Mad","109","85","34","1408204095"
"779","Poverty","60","102","53","1408207120"
"780","Shape The Man","70","124","50","1408208776"
"781","Inmortality","87","81","43","1408211084"
"782","Power Of Two","120","85","37","1408211285"
"783","Top-Down Shooter","58","88","91","1408211102"
"784","Dear Leader","73","110","43","1408211131"
"785","Base","77","99","59","1408207235"
"786","Abrupt Stop","64","110","35","1408209045"
"787","Temple","85","113","42","1408210935"
"788","Banished","91","82","36","1408211254"
"789","Visions","90","95","39","1408203166"
"790","Community","62","93","41","1408202462"
"791","Universal Constant","73","96","39","1408210789"
"792","Crime","67","90","45","1408210723"
"793","Shopping Mall","42","103","47","1408205229"
"794","Reset The Clock","81","91","40","1408210872"
"795","In The Sky","102","82","29","1408210951"
"796","90 Minutes To Live","79","97","52","1408209993"
"797","Hourglass","75","105","53","1408199374"
"798","Someone Is Watching","99","63","28","1408211276"
"799","Find No Enemy","68","100","52","1408207061"
"800","Top Notch","47","118","80","1408211220"
"801","Patriotism","43","124","57","1408211018"
"802","Agile Manifesto","43","131","85","1408210739"
"803","Ice Planet","82","90","40","1408211094"
"804","The Rising","65","106","34","1408208367"
"805","The Die Is Cast","66","98","49","1408193063"
"806","UFO","79","100","45","1408202584"
"807","Blood","47","104","44","1408211116"
"808","Horror","64","94","56","1408210994"
"809","Halloween","47","122","65","1408207513"
"810","Closing Time","69","97","53","1408210887"
"811","It's Broken","98","74","42","1408210984"
"812","Soul","67","100","46","1408209937"
"813","Sweltering Heat","67","109","48","1408210927"
"814","Existence","74","110","38","1408211274"
"815","Defend Your Castle!","77","92","53","1408211159"
"816","There Is Only One Path","101","72","32","1408195879"
"817","High And Low","98","91","49","1408208068"
"818","Kinetic","64","111","37","1408210218"
"819","Phobia","112","100","31","1408211208"
"820","Running Away","86","90","41","1408211139"
"821","The Future Is Now","83","88","52","1408211155"
"822","Hope","61","104","43","1408204287"
"823","256","80","69","61","1408211307"
"824","Stalemate","48","119","52","1408211231"
"825","Mirrors","92","91","40","1408210881"
"826","Last Note","76","114","42","1408211188"
"827","Individuality","84","82","55","1408209456"
"828","Nothing Works","110","60","33","1408211142"
"829","Sugar","57","120","64","1408201460"
"830","Immigration","71","103","63","1408211294"
"831","Teamwork","111","96","40","1408207919"
"832","Helpless","84","112","46","1408211110"
"833","A New Extreme","55","102","43","1408207487"
"834","Clone Your Enemy","105","117","37","1408208794"
"835","Dementia","73","85","42","1408209498"
"836","Snow","81","88","36","1408210540"
"837","Social Anarchy","76","104","56","1408210130"
"838","Mental Health","71","91","46","1408207130"
"839","Make It Stop","95","75","45","1408210910"
"840","It Bites!","74","87","49","1408207490"
"841","Chain Reaction","112","69","27","1408204744"
"842","Retreat","89","99","40","1408199316"
"843","Guilt","78","119","45","1408203791"
"844","Science Has Failed Us","100","71","29","1408210773"
"845","Boxes","88","114","38","1408191609"
"846","Hot & Cold","118","79","27","1408198248"
"847","Rats","52","104","54","1408210159"
"848","Ninja","82","104","64","1408199694"
"849","Tactics","69","97","46","1408210987"
"850","Unexpected Side Effect","135","47","29","1408210009"
"851","Misinformed","70","98","47","1408210621"
"852","Strategy","71","103","50","1408211260"
"853","Everything Breaks","126","56","28","1408210996"
"854","End Of The World","102","90","43","1408211161"
"855","Vanishing","102","91","33","1408203552"
"856","Blazing Heat","65","122","39","1408191584"
"857","Let It Go","77","100","61","1408211015"
"858","Lifecycle","99","84","39","1408210855"
"859","Boss Battle","96","95","56","1408208715"
"860","Anachronism","81","100","46","1408208381"
"861","Intellectual","61","107","54","1408211145"
"862","Evil Is Always Punished","57","110","52","1408210631"
"863","Whales","70","91","64","1408211310"
"864","Beautiful Aliens","57","116","48","1408211276"
"865","Recipes","88","118","45","1408207873"
"866","Redemption","75","101","31","1408210342"
"867","Love","55","114","53","1408204716"
"868","Nostalgia","77","87","49","1408211151"
"869","Obstacle","75","122","44","1408208402"
"870","Cankles","25","101","78","1408210645"
"871","You Are Not Fast Enough","92","86","41","1408211146"
"872","Waiting For A Sign","89","91","35","1408211125"
"873","Punk","45","104","55","1408202876"
"874","Indecisive","65","106","43","1408208370"
"875","Life Is Unfair","84","87","41","1408208070"
"876","It's A Metaphor!","68","84","69","1408210672"
"877","Close Call","72","87","41","1408211291"
"878","Get Back","61","98","44","1408209608"
"879","One Two Three","65","112","59","1408209772"
"880","Sports","43","116","75","1408210018"
"881","Inverse","92","97","46","1408209701"
"882","Lopsided","47","121","58","1408209910"
"883","Only Dreams","80","93","51","1408211255"
"884","Salt","51","111","48","1408208941"
"885","Grapevine","24","112","51","1408207051"
"886","Velocity","107","94","41","1408187935"
"887","Enjoyment","59","125","59","1408208598"
"888","Order And Chaos","107","80","41","1408206555"
"889","Explode It!","93","108","27","1408203616"
"890","Mobile","35","117","81","1408211152"
"891","Silent Rhythm","59","115","56","1408207299"
"892","Studying","38","117","57","1408209015"
"893","Big Trouble","72","114","38","1408211297"
"894","Never Let Me Go","63","113","48","1408210700"
"895","All Seeing","69","103","45","1408202045"
"896","Exuberance","56","123","61","1408207131"
"897","Periodic","77","85","45","1408211073"
"898","Outer Space","97","97","39","1408209981"
"899","Guilty","73","99","48","1408211177"
"900","Under The Bed","88","93","39","1408211146"
"901","The Underworld","95","91","34","1408211237"
"902","Under Pressure","109","87","29","1408203018"
"903","Psychedelic","75","100","45","1408211193"
"904","International","40","125","68","1408204783"
"905","Megalomania","64","93","30","1408201536"
"906","1945","63","92","53","1408210859"
"907","Manipulate The Environment","123","64","32","1408198400"
"908","Behind The Scenes","96","112","38","1408207418"
"909","The Power","81","94","49","1408210883"
"910","Global Scale","89","109","43","1408207100"
"911","The Staring Cat","49","87","70","1408211231"
"912","Musical","48","111","48","1408211237"
"913","Descent","94","91","37","1408207226"
"914","Replay","91","89","36","1408208964"
"915","Jumping Without Fear","90","97","46","1408207080"
"916","Death Is Life","102","71","47","1408208833"
"917","Meta","63","114","60","1408211122"
"918","Cold","89","93","31","1408209672"
"919","Explore Galore","63","110","50","1408211274"
"920","On Multiple Places","72","106","37","1408210095"
"921","Double","52","112","48","1408202900"
"922","Wonderful Apocalypse","119","62","28","1408211141"
"923","Out Of Here","88","92","35","1408205713"
"924","Measurement","53","104","51","1408209628"
"925","Government","64","105","55","1408208787"
"926","Taking Over The World","89","80","42","1408211133"
"927","Within A Deep Forest","113","81","34","1408207228"
"928","Indoctrination","66","108","45","1408208469"
"929","Traitor","105","73","46","1408202852"
"930","Worst Conditions","89","109","36","1408210451"
"931","Limitless","91","93","28","1408211025"
"932","Disease","80","93","47","1408210897"
"933","Prologue","56","103","47","1408211280"
"934","Extraterrestrial","85","109","36","1408210908"
"935","You Can't Tell The Difference","81","100","57","1408207055"
"936","Offended","40","109","65","1408200943"
"937","Aerospace","69","115","35","1408211150"
"938","Aye Aye Captain","69","99","54","1408209452"
"939","World Conquest","87","94","37","1408207042"
"940","Illness","73","101","29","1408207034"
"941","Shrink","86","91","41","1408211240"
"942","In The Darkness","108","76","31","1408209101"
"943","Minimal","89","105","52","1408209665"
"944","Stack The Deck","58","109","55","1408189988"
"945","Occupation","64","97","46","1408208856"
"946","Black Canvas","58","93","50","1408209007"
"947","Throwing","55","119","54","1408205712"
"948","Genius","63","118","56","1408206987"
"949","Crusades","68","125","33","1408210922"
"950","Peaceful","89","87","41","1408197312"
"951","Procrastination","89","62","53","1408208558"
"952","Unity","64","103","59","1408210831"
"953","Lead Me Home","104","103","29","1408211305"
"954","In Bloom","46","111","41","1408211049"
"955","Frantic","66","120","46","1408208932"
"956","Petals","43","132","56","1408211244"
"957","Say Hello To My Little Friend!","61","86","58","1408207520"
"958","Fabric","50","121","59","1408209942"
"959","Taken","75","119","41","1408210815"
"960","On The Other Side","109","77","37","1408211114"
"961","No Move","67","99","44","1408211076"
"962","Retro","92","93","56","1408210169"
"963","Crime Spree","68","98","41","1408208409"
"964","Unite","87","106","43","1408211256"
"965","Frontier","106","88","39","1408211023"
"966","Void","112","77","36","1408211086"
"967","Wait! Take This!","96","81","54","1408211113"
"968","Dreams And Nightmares","116","88","35","1408202854"
"969","Illusion","106","76","27","1408203227"
"970","Adventure","95","102","57","1408210839"
"971","Metaphor","62","104","67","1408211250"
"972","Dirt","53","111","41","1408210350"
"973","Struggle","71","108","52","1408205978"
"974","Uncanny","63","133","62","1408210005"
"975","Spy","84","82","27","1408209638"
"976","Water","75","93","44","1408210896"
"977","Sound","56","106","51","1408202585"
"978","Clone","91","75","46","1408208066"
"979","In A Perfect World","94","99","41","1408200440"
"980","It's A Big World","89","85","39","1408211008"
"981","Mundane","57","94","62","1408208430"
"982","White Light","73","115","44","1408208979"
"983","Geometrical","78","97","46","1408207495"
"984","Only Solution Is To Die","96","80","51","1408211163"
"985","Look Up","84","80","45","1408211287"
"986","Mountains","84","108","34","1408210178"
"987","Playing With Fire","109","78","22","1408206792"
"988","Roundabout","45","110","45","1408208417"
"989","Weather Is A Problem","110","92","36","1408201887"
"990","Transfer","84","97","42","1408207104"
"991","Only One Chance","96","97","46","1408199512"
"992","But What's The Point?","72","66","55","1408198394"
"993","House Party","60","108","42","1408211129"
"994","Only Human","66","96","38","1408209548"
"995","Sorry","65","118","72","1408211208"
"996","Dark Heroes","89","94","33","1408197073"
"997","Your Life","50","98","61","1408207434"
"998","Silhouette","96","85","33","1408208953"
"999","On The Boundary","92","85","33","1408207134"
"1000","I Would Have Got Away With It","92","92","40","1408210847"
"1001","Collaboration","84","88","45","1408211130"
"1002","Electricity","89","80","40","1408208578"
"1003","Visitation","47","104","44","1408202324"
"1004","Opposites Must Work Together","94","64","35","1408206832"
"1005","Indirect","86","97","49","1408207110"
"1006","We Are Not Alone","118","69","46","1408209743"
"1007","What Is Life?","57","93","50","1408204600"
"1008","Warmth","85","97","37","1408202271"
"1009","9 To 5","73","104","56","1408210155"
"1010","Grunge","45","125","51","1408211059"
"1011","Psychic","84","98","35","1408211210"
"1012","Time Stands Still","105","69","33","1408210500"
"1013","I'm Too Old For This","95","94","37","1408209018"
"1014","Slippery Slope","94","97","46","1408208856"
"1015","Pulled","40","129","47","1408200038"
"1016","Stone Age","105","95","35","1408210065"
"1017","Make Your Own Villain","84","84","38","1408202497"
"1018","Life Sacrifice","63","109","34","1408201682"
"1019","Don't Even Go There","83","96","40","1408210006"
"1020","Dash","58","103","41","1408209094"
"1021","Photosynthesis","73","105","54","1408208805"
"1022","Volatile","83","90","34","1408210987"
"1023","Rain","106","94","31","1408209705"
"1024","Programming","80","104","41","1408208525"
"1025","Thirty Years Later","89","87","47","1408210980"
"1026","The New World","93","88","37","1408210736"
"1027","Slow News Day","45","105","62","1408207068"
"1028","Modern Warfare","43","106","86","1408211087"
"1029","Reverse Logic","109","77","30","1408208438"
"1030","A Normal Day","85","90","46","1408211276"
"1031","You Only Get Two","83","70","64","1408208849"
"1032","High Seas","81","97","30","1408201461"
"1033","Round And Round","61","100","29","1408210623"
"1034","The Sun","91","76","44","1408210063"
"1035","Labyrinth","112","62","40","1408211029"
"1036","Music","65","116","64","1408211249"
"1037","Serenity","87","93","47","1408208865"
"1038","Multiverse","93","88","34","1408211280"
"1039","Nothing Is Real","118","68","38","1408208846"
"1040","Evolution","126","79","38","1408211095"
"1041","Blooming","61","111","38","1408211303"
"1042","Fantasy","76","89","51","1408207043"
"1043","Loot","125","69","31","1408211144"
"1044","The Sun Is Gone","105","77","31","1408210606"
"1045","Balance","102","96","32","1408210340"
"1046","Break The Rules","128","66","37","1408211179"
"1047","Unwanted","74","82","41","1408196593"
"1048","First Day","70","90","44","1408205025"
"1049","Battleships","66","109","57","1408207066"
"1050","Choose A Path","120","72","26","1408211201"
"1051","Borders","91","85","23","1408200028"
"1052","Pop Culture","40","107","60","1408207118"
"1053","Unlimited","106","77","39","1408210955"
"1054","World Peace","47","115","48","1408202915"
"1055","Salad","52","90","66","1408211221"
"1056","Beauty And Ugliness","64","106","67","1408211234"
"1057","Slow Motion","95","89","39","1408207319"
"1058","Fascism","51","105","72","1408205996"
"1059","Angels","60","113","48","1408210041"
"1060","Double Standards","93","100","51","1408208832"
"1061","Inventory","75","98","42","1408210525"
"1062","The Powers Of Two","96","93","44","1408205820"
"1063","Antigame","60","101","61","1408210035"
"1064","Plants","77","95","44","1408208975"
"1065","Duel","98","82","35","1408207612"
"1066","We Are Alone","109","81","33","1408209003"
"1067","Reinventing The Wheel","88","87","62","1408210006"
"1068","Modern Day Slaves","55","112","66","1408208575"
"1069","Don't Hold Back","63","97","24","1408208617"
"1070","Colour Change","83","113","37","1408204559"
"1071","Domination","89","94","44","1408208581"
"1072","The Buddy System","83","91","39","1408210161"
"1073","Espionage","97","83","20","1408209027"
"1074","Different","46","104","38","1408211173"
"1075","Turn Off The Lights","94","85","37","1408201472"
"1076","One Chance","91","86","45","1408211133"
"1077","Ice Age","75","117","34","1408210352"
"1078","True Fear","68","107","47","1408211055"
"1079","Alien Artefact","75","100","41","1408203041"
"1080","Revenge","79","108","35","1408206689"
"1081","Television","49","109","55","1408210535"
"1082","Endless","97","77","27","1408211113"
"1083","You Are Already Dead","122","83","33","1408198026"
"1084","Sickness","65","102","44","1408211195"
"1085","Style Over Substance","55","104","64","1408210062"
"1086","Exclusion","73","98","46","1408207377"
"1087","Clouds","85","101","38","1408210225"
"1088","Counter Culture","53","118","57","1408208433"
"1089","It Came From The Deep","120","103","27","1408208186"
"1090","Servers","56","102","48","1408211302"
"1091","Culture","43","102","48","1408211282"
"1092","Farewell","62","89","42","1408210143"
"1093","Randomly Generated","124","64","50","1408210936"
"1094","Unbeliever","29","106","57","1408207209"
"1095","Reverse","86","80","36","1408191072"
"1096","One Button","99","86","38","1408211132"
"1097","Dilemma","78","101","48","1408208613"
"1098","Strength In Numbers","116","68","26","1408210893"
"1099","Small Places","93","91","35","1408211183"
"1100","Beautiful","50","97","64","1408211179"
"1101","Let's Split Up","98","86","49","1408210820"
"1102","Warfare","48","124","54","1408210195"
"1103","It's All About TV","53","110","63","1408209547"
"1104","Communication","82","90","43","1408210608"
"1105","Combined Effects","98","83","23","1408210070"
"1106","Observer","88","90","36","1408209778"
"1107","Tilebased","67","99","64","1408211168"
"1108","For My Beliefs","53","112","57","1408209125"
"1109","Don't Move","90","97","37","1408211120"
"1110","Come As You Are","77","133","48","1408211131"
"1111","Being Young","63","115","51","1408210812"
"1112","Yesterday Hurts","60","100","50","1408204078"
"1113","Wings","77","92","43","1408207081"
"1114","Horde","89","93","49","1408209990"
"1115","This Game Is Unfinished","86","83","69","1408210877"
"1116","Balloons","69","110","41","1408208743"
"1117","Body Double","75","116","49","1408211310"
"1118","Fairy","68","104","58","1408211283"
"1119","Frozen","73","103","60","1408211015"
"1120","Air Travel","74","103","30","1408211053"
"1121","Rapid Transit","76","108","41","1408208611"
"1122","Civilization","103","101","30","1408208579"
"1123","Sandbox","78","94","53","1408208980"
"1124","Everyday Life","89","90","39","1408202884"
"1125","Rosetta Stone","50","112","57","1408176757"
"1126","Long Range","102","116","38","1408211169"
"1127","Blasphemy","56","100","75","1408209636"
"1128","Solitude","114","84","32","1408211175"
"1129","Boredom","56","101","46","1408210887"
"1130","Compromise","72","107","42","1408211090"
"1131","Destroy The System","116","69","30","1408211119"
"1132","Jack Of All Trades","69","116","44","1408208066"
"1133","Combo","64","107","42","1408210438"
"1134","Fans","54","116","55","1408204999"
"1135","Open Water","73","96","32","1408210863"
"1136","Paradise","82","120","34","1408209779"
"1137","Phoenix","74","111","51","1408210703"
"1138","Look At The Bright Side","96","102","45","1408211049"
"1139","Real Education","41","101","71","1408210773"
"1140","Motivation","72","112","57","1408211103"
"1141","No More Left","96","81","33","1408211142"
"1142","Mythology","96","86","39","1408207543"
"1143","Butterfly","55","103","54","1408211288"
"1144","Extremism","79","98","55","1408209650"
"1145","Upgrades","99","87","43","1408208421"
"1146","Never Ending War","72","109","40","1408208832"
"1147","Wrong Mechanics","94","97","35","1408209786"
"1148","Crowd","82","99","42","1408209611"
"1149","Basement","70","95","34","1408211143"
"1150","Rotation","97","96","51","1408209373"
"1151","Insomnia","78","81","38","1408211275"
"1152","Mind, Body And Soul","66","100","39","1408208592"
"1153","Higher, Higher","84","85","30","1408203808"
"1154","Accessibility","66","116","41","1408210610"
"1155","In Space","102","70","38","1408210002"
"1156","Fight For Your Future","91","87","53","1408211146"
"1157","Different Every Time","107","79","36","1408211247"
"1158","Private Business","52","104","45","1408210902"
"1159","Tea Time","77","99","53","1408208606"
"1160","Bedtime","81","107","42","1408207021"
"1161","Economy","72","86","53","1408211027"
"1162","Secret Meaning","75","108","37","1408209054"
"1163","Everybody Lies","106","87","40","1408209702"
"1164","Becoming","61","128","40","1408205615"
"1165","Anything Goes","66","100","48","1408200921"
"1166","It Keeps Happening","105","82","38","1408211200"
"1167","Isolation","113","73","39","1408206632"
"1168","Anatomy","64","119","52","1408210014"
"1169","Going Solo","107","80","37","1408209686"
"1170","Shipwrecked","115","86","33","1408206057"
"1171","Poor","60","141","44","1408210787"
"1172","Tears","57","100","39","1408207089"
"1173","Heat Death Of The Universe","56","104","67","1408209626"
"1174","Thieves And Liars","104","95","33","1408210130"
"1175","Plague","92","70","40","1408211275"
"1176","Decapitation","63","111","67","1408208524"
"1177","Open World","82","84","48","1408210447"
"1178","Spin To Win","67","105","58","1408211130"
"1179","Caught Short","40","116","53","1408210734"
"1180","Immortality","109","84","33","1408209915"
"1181","On The Edge","108","68","24","1408208859"
"1182","Squishy","82","88","53","1408211251"
"1183","Zombie","63","93","53","1408208424"
"1184","If You Knew You Were Going To Die","76","84","60","1408207046"
"1185","Fishing","61","84","59","1408208803"
"1186","Worldwide","62","113","43","1408211278"
"1187","Disrespect","42","104","52","1408211068"
"1188","Stuck Together","112","91","29","1408210097"
"1189","Pain","61","109","47","1408195635"
"1190","Save The Princess","65","112","50","1408209108"
"1191","There Is Only The Tutorial","80","76","59","1408211152"
"1192","Names","55","121","71","1408199329"
"1193","Hacking","89","112","61","1408211243"
"1194","Revival","104","102","24","1408210693"
"1195","Plane","72","122","46","1408208409"
"1196","Prison Labor","60","101","66","1408211010"
"1197","Sacred Blood","52","109","54","1408211278"
"1198","Vines","58","120","54","1408207065"
"1199","Underwater","71","90","57","1408209002"
"1200","Fashion","31","108","75","1408211193"
"1201","Aging","77","105","32","1408199677"
"1202","Surprise","66","108","44","1408208947"
"1203","After","56","114","51","1408211082"
"1204","Futuristic","83","101","39","1408210782"
"1205","30","55","68","54","1408210962"
"1206","Raining Bricks","59","96","42","1408211108"
"1207","No Means Yes","53","75","62","1408206866"
"1208","Second Chances","95","105","32","1408189296"
"1209","Hallucination","107","88","33","1408203248"
"1210","Drowning","51","106","57","1408203849"
"1211","Poachers","49","119","45","1408210918"
"1212","Bactery","48","104","66","1408206378"
"1213","Hunted","105","90","33","1408206394"
"1214","Crack","51","103","57","1408209755"
"1215","Fly Away","85","97","41","1408209221"
"1216","Dark Days","79","123","43","1408209908"
"1217","Imprisoned","82","80","29","1408207298"
"1218","Space And Drugs","87","80","53","1408210705"
"1219","One Direction","52","82","79","1408210043"
"1220","West","55","110","51","1408210775"
"1221","Against The Grain","61","116","44","1408211070"
"1222","Lifeless","95","105","38","1408208868"
"1223","Spring","63","116","55","1408211013"
"1224","Submission","67","106","46","1408207352"
"1225","Flags","63","113","53","1408211248"
"1226","Bureaucracy","72","93","63","1408209299"
"1227","10 Degrees","75","94","61","1408211094"
"1228","Big Bang","61","104","45","1408211306"
"1229","The Great War","75","107","56","1408211018"
"1230","Seamless","68","119","50","1408204413"
"1231","Torn","70","106","43","1408211310"
"1232","Complain","26","114","58","1408210941"
"1233","Natural","77","99","41","1408211301"
"1234","Block","63","114","51","1408203988"
"1235","Old","76","115","43","1408199973"
"1236","I'm The Book","54","90","59","1408206599"
"1237","Minature","83","90","58","1408206959"
"1238","Border Crossings","87","92","39","1408211174"
"1239","Zero Gravity","97","81","37","1408209904"
"1240","Soviet","54","102","60","1408205776"
"1241","Noise","81","124","42","1408209216"
"1242","Rhythm","72","118","44","1408203224"
"1243","Rainbows","69","116","69","1408210950"
"1244","Inferior","56","110","43","1408211104"
"1245","Forgotten","104","84","41","1408205723"
"1246","Backpedalling","41","113","54","1408211007"
"1247","Your Secret Dream","58","100","61","1408204970"
"1248","Deception","89","90","38","1408211280"
"1249","Across The Universe","107","76","32","1408210962"
"1250","Cold War","92","109","44","1408176768"
"1251","Medic","75","104","51","1408210937"
"1252","You Are The Weapon","128","67","35","1408211274"
"1253","Covered Up","69","124","38","1408209643"
"1254","Guru","48","115","55","1408210881"
"1255","Things Are Not What They Seem","108","66","34","1408210497"
"1256","Streaming","51","113","46","1408209351"
"1257","Simple","76","91","56","1408210993"
"1258","Cats","70","96","67","1408211123"
"1259","Ghost","98","90","35","1408210873"
"1260","Never Let Go","87","91","47","1408210034"
"1261","From Behind","69","83","47","1408207082"
"1262","Surveillance","110","87","34","1408211000"
"1263","Entrophy","59","99","50","1408208612"
"1264","Upper Class","57","97","65","1408208976"
"1265","To Kill Or Not To Kill","100","96","51","1408206393"
"1266","Next Step In Human Evolution","96","66","41","1408209619"
"1267","Limitations","104","101","33","1408210222"
"1268","Single Parents","34","105","67","1408207146"
"1269","Magic","75","91","42","1408206041"
"1270","Untested","61","115","40","1408208945"
"1271","Freedom","107","85","33","1408211092"
"1272","Master Of Puppets","82","83","56","1408211181"
"1273","Discover The Truth","76","103","38","1408208914"
"1274","Gathering","85","101","59","1408206742"
"1275","Too Hot To Handle","76","103","50","1408210865"
"1276","Helpful Companion","110","88","25","1408211178"
"1277","Reversed","92","90","42","1408211145"
"1278","Brainwashed","103","83","39","1408211087"
"1279","Recollection","65","105","36","1408202047"
"1280","Sexism","52","100","86","1408207229"
"1281","Dog Eat Dog","63","120","71","1408211302"
"1282","Reverse Weakness","78","104","34","1408208599"
"1283","Peacemaker","74","95","37","1408211274"
"1284","End Of The Road","113","78","32","1408197455"
"1285","Trajectory","75","117","39","1408211171"
"1286","Does God Exist?","59","100","86","1408199948"
"1287","Sci Fi","61","104","49","1408211211"
"1288","Beauty","49","123","68","1408211302"
"1289","Focus Dodging","50","129","56","1408208029"
"1290","Bleach","37","130","60","1408209029"
"1291","Injustice","64","107","48","1408211262"
"1292","Negative Creep","47","104","50","1408211096"
"1293","Genesis","86","98","47","1408211141"
"1294","In My Country","70","104","59","1408210819"
"1295","History Repeating Itself","98","89","33","1408184375"
"1296","Natural Disaster","72","91","38","1408198501"
"1297","Village Idiot Saves The Day!","80","97","71","1408208474"
"1298","Poison","82","116","37","1408209944"
"1299","Arson","59","114","53","1408211263"
"1300","Plot Twist","91","102","46","1408204303"
"1301","Broke","75","108","57","1408210826"
"1302","Before The Big Bang","84","94","50","1408206783"
"1303","Sneaky","95","100","35","1408210908"
"1304","Pathological","48","103","44","1408210121"
"1305","Something In The Way","89","80","33","1408208594"
"1306","Communism","58","101","60","1408211266"
"1307","A Beautiful Day","72","101","41","1408206227"
"1308","The Beginning","76","113","29","1408207020"
"1309","Virus","113","111","42","1408207007"
"1310","The Colours Are Blinding","72","110","55","1408205382"
"1311","Manipulation","80","71","29","1408210799"
"1312","Timing Is The Key","88","96","54","1408211253"
"1313","So Far Away","93","84","31","1408210837"
"1314","Seconds","72","110","50","1408211212"
"1315","Menial Tasks","68","122","43","1408210758"
"1316","Everything Is Wrong","95","92","42","1408211152"
"1317","Everything Is Cute!","75","101","51","1408210946"
"1318","Hack The Game","112","93","44","1408211171"
"1319","Back To Where You Started","108","81","46","1408211113"
"1320","The Great Escape","89","71","28","1408209639"
"1321","Collection","78","104","30","1408205114"
"1322","Through The Time","75","95","46","1408199657"
"1323","Trapped","99","66","29","1408208629"
"1324","Ghostly","85","108","43","1408210342"
"1325","Limited Capacity","111","70","29","1408211187"
"1326","Global","47","120","39","1408196875"
"1327","Destination","82","90","32","1408199545"
"1328","Moving Forward","77","102","47","1408199861"
"1329","Urban","66","113","34","1408209669"
"1330","When Pigs Fly","78","103","51","1408208461"
"1331","You Are The Protected","99","79","53","1408210924"
"1332","War Crimes","59","106","54","1408211216"
"1333","Sadness","52","112","54","1408182531"
"1334","Meanwhile","76","89","38","1408210848"
"1335","Travel","75","102","46","1408210917"
"1336","God Mode","78","82","60","1408210924"
"1337","Sins","62","111","61","1408208847"
"1338","Conflict","70","112","43","1408208525"
"1339","Society","67","101","43","1408210832"
"1340","Halfway There","72","100","23","1408208415"
"1341","Ruling Elite","67","110","45","1408191400"
"1342","Rage","72","112","34","1408192166"
"1343","Apocalypse","119","77","34","1408210904"
"1344","Post-Apocalyptic","97","101","46","1408210995"
"1345","Don't Succeed","69","104","52","1408206827"
"1346","Petty Gods","66","98","44","1408210872"
"1347","Read The Map","98","79","43","1408210962"
"1348","Perma Death","90","93","41","1408209336"
"1349","Sliver","38","131","54","1408207005"
"1350","Limited Control","105","89","38","1408202966"
"1351","My Heart Is Yours","58","110","51","1408210862"
"1352","Stuck","78","120","50","1408210003"
"1353","Office Supplies","59","92","53","1408210981"
"1354","Diffusion","58","114","54","1408209953"
"1355","To The Music","61","120","44","1408210783"
"1356","The Origin Of Life","93","116","57","1408205211"
"1357","Awake","94","110","37","1408210936"
"1358","The Dark Beyond","91","90","32","1408210960"
"1359","Propaganda","65","76","47","1408207254"
"1360","Prostitution","54","70","112","1408203993"
"1361","Afraid Of The Light","108","81","32","1408196173"
"1362","Nationalism","52","98","73","1408210995"
"1363","As Fast As You Can","109","80","32","1408210361"
"1364","Greed Imprisons Us All","61","105","57","1408208601"
"1365","Not The Hero","128","62","25","1408209445"
"1366","Tornado","73","101","56","1408201905"
"1367","Misunderstanding","81","91","37","1408202566"
"1368","Corruption","89","77","29","1408210030"
"1369","Vacuum","82","87","40","1408197254"
"1370","Party Time","76","104","39","1408210952"
"1371","Block Your Vision","69","112","40","1408196384"
"1372","Information","69","112","39","1408211281"
"1373","Towering","90","109","31","1408208728"
"1374","Get Over It","70","96","52","1408211039"
"1375","Medieval","71","99","41","1408201632"
"1376","Tripping","66","111","42","1408196040"
"1377","Pairs","84","103","49","1408207008"
"1378","In The Wild","93","93","28","1408211149"
"1379","Connected Worlds","116","78","28","1408200748"
"1380","Pick A Card","60","114","60","1408209968"
"1381","Obedience","65","93","39","1408208655"
"1382","In The Thick Of It","55","103","52","1408208866"
"1383","That Took Forever","84","92","49","1408209629"
"1384","Turn This Around","76","102","38","1408210504"
"1385","No Sleep","73","114","39","1408211090"
"1386","Human Rights","47","100","67","1408209031"
"1387","Fluid","81","92","47","1408211016"
"1388","In Memory Of Our Ancestors","76","99","75","1408198202"
"1389","The Road Less Travelled","88","89","44","1408206590"
"1390","Innocent","73","117","44","1408210659"
"1391","Everything Is Relative","88","94","36","1408206594"
"1392","Coffee","72","106","48","1408206979"
"1393","A Long Journey","105","92","35","1408209288"
"1394","Breakdown","92","101","50","1408210996"
"1395","Cold Winter","97","113","42","1408200013"
"1396","Wrong Is Right","99","80","32","1408211188"
"1397","Tribal","59","109","48","1408208423"
"1398","Horizon","82","79","33","1408201671"
"1399","Irrational","73","95","45","1408196919"
"1400","Noodling","45","115","72","1408184564"
"1401","Child Protagonist","50","104","66","1408201508"
"1402","Flooded","93","89","38","1408207113"
"1403","Enslavement","75","102","56","1408208660"
"1404","Segregation","50","98","52","1408209655"
"1405","Relentless","63","94","46","1408208716"
"1406","Break The System","125","62","37","1408210338"
"1407","Passage Of Time","103","88","29","1408198676"
"1408","Estranged","58","86","56","1408207499"
"1409","Last Day","103","79","30","1408210161"
"1410","Being With You","61","112","44","1408209616"
"1411","Playing God","82","86","44","1408209412"
"1412","Fortress","110","75","22","1408211250"
"1413","You Are Blind","83","96","44","1408210176"
"1414","Co-Operation","82","90","34","1408208716"
"1415","Martial Law","55","115","51","1408211283"
"1416","The Dance","50","121","41","1408210939"
"1417","Meaning","51","119","68","1408210706"
"1418","Zenith","63","110","55","1408207506"
"1419","Shooter","55","112","98","1408208356"
"1420","Blockland","47","91","61","1408210855"
"1421","To Be Or Not To Be","55","116","63","1408209942"
"1422","Supply And Demand","96","68","41","1408210206"
"1423","Grand Adventure","72","96","40","1408210884"
"1424","River Of Words","67","115","55","1408195873"
"1425","Robots","88","97","38","1408209999"
"1426","Create Your Own","97","90","46","1408209122"
"1427","Moonbase","111","99","38","1408209627"
"1428","Man Cave","64","117","63","1408211006"
"1429","Dragon","73","100","53","1408207403"
"1430","Elders","60","120","30","1408208899"
"1431","Obey","82","87","41","1408211062"
"1432","Personal Narrative","49","113","66","1408209711"
"1433","Stamps","59","123","47","1408209488"
"1434","Virtual Pet","63","106","54","1408209677"
"1435","Human","52","111","54","1408197971"
"1436","Merchant","79","78","31","1408210839"
"1437","Ocean Life","86","114","44","1408209782"
"1438","Out Of Reach","90","66","24","1408208955"
"1439","Tactical Nightmare","73","97","45","1408210911"
"1440","Ambiguity","68","119","38","1408211168"
"1441","One Hundred","79","100","46","1408209927"
"1442","Oops!","64","90","57","1408202864"
"1443","Overflow","100","75","39","1408209701"
"1444","Judgement","95","100","42","1408211107"
"1445","Meaningful","52","108","68","1408190917"
"1446","Summer","47","132","49","1408208821"
"1447","Top Down Shooter","59","83","75","1408200028"
"1448","Crowd Control","109","97","31","1408211293"
"1449","Colours","77","89","40","1408210991"
"1450","5 Is Alive","69","83","63","1408211279"
"1451","The Space Is Growing Smaller","128","75","31","1408210203"
"1452","Colonisation","87","101","36","1408206679"
"1453","Just Kidding","56","109","64","1408204623"
"1454","High Fantasy Noir","71","91","63","1408210008"
"1455","Mood","56","123","44","1408209539"
"1456","Rich Kids","31","123","66","1408208812"
"1457","The Chosen One","69","72","44","1408202296"
"1458","Mind Control","101","81","24","1408207075"
"1459","Lies & Betrayal","84","114","45","1408211250"
"1460","Havoc","65","98","45","1408211019"
"1461","Hair","37","104","69","1408203505"
"1462","Pierce The Sky","88","95","35","1408211026"
"1463","Multitasking","68","121","45","1408208952"
"1464","The Best Of All Possible Worlds","67","111","66","1408211022"
"1465","World Domination","98","87","33","1408206990"
"1466","Deal With It","74","97","47","1408206243"
"1467","Layers","104","99","42","1408210056"
"1468","Another Night In Paris","40","103","67","1408210959"
"1469","Trickster","64","124","54","1408208863"
"1470","Mining","68","95","48","1408211003"
"1471","Mineral Water","41","102","69","1408206896"
"1472","Folk Hero","70","95","51","1408210912"
"1473","You Are The Bad Guy","120","66","41","1408211241"
"1474","We're Together, Here And Now","49","102","69","1408211276"
"1475","Dinosaurs","89","98","48","1408196487"
"1476","Gifts","59","105","54","1408211273"
"1477","Don't Starve","49","100","64","1408211036"
"1478","Only Once","89","96","41","1408199601"
"1479","Nature","80","105","34","1408208593"
"1480","Nothing And Nobody","61","106","52","1408208442"
"1481","Honor","73","107","35","1408207102"
"1482","Save The Planet","109","94","36","1408211090"
"1483","Acidic","61","125","42","1408202880"
"1484","Dreaming Spires","49","103","56","1408209674"
"1485","Episodes","45","120","59","1408211078"
"1486","Devolution","93","89","37","1408211243"
"1487","Stagnant","46","116","49","1408208664"
"1488","You Are Worthless","81","94","57","1408209953"
"1489","Reanimated","85","96","38","1408211284"
"1490","The End Isn't In Sight","83","99","40","1408206821"
"1491","Whatever You Want","44","94","82","1408210935"
"1492","Reality","65","106","57","1408209696"
"1493","Tired","60","111","49","1408211163"
"1494","Hole","78","104","59","1408209783"
"1495","Theft","92","95","37","1408211180"
"1496","Food Creatures","63","94","59","1408211137"
"1497","Circular Motion","86","91","30","1408211270"
"1498","Human Stupidity","109","68","53","1408211140"
"1499","Opposites","112","93","32","1408205746"
"1500","Control","85","91","40","1408211301"
"1501","Far Far Away...","96","100","51","1408211181"
"1502","Curfew","65","105","43","1408210497"
"1503","Strange Dream","101","102","34","1408210019"
"1504","Don't Worry, I Got It","81","87","46","1408208509"
"1505","Unsung Hero","76","98","42","1408211218"
"1506","Cramped","57","111","48","1408202939"
"1507","Build Up","114","89","35","1408201928"
"1508","Prison System","64","110","57","1408209845"
"1509","Up, Up And Away","107","84","38","1408209584"
"1510","Meaning Of Life","69","122","42","1408207058"
"1511","My Joy","24","134","74","1408210990"
"1512","How To","52","91","61","1408211227"
"1513","I Think It's Alive","115","75","36","1408209966"
"1514","In Darkness","115","85","28","1408211157"
"1515","Deep Space","89","88","28","1408209615"
"1516","No Options","74","118","46","1408202460"
"1517","Airstrikes","61","119","50","1408211034"
"1518","Suffer","66","114","40","1408209002"
"1519","Chamber","77","105","31","1408209485"
"1520","Alien","60","89","49","1408207036"
"1521","Sky","91","106","34","1408211269"
"1522","Sharing Is Caring","65","96","52","1408210984"
"1523","Laws That Must Be Obeyed","94","64","49","1408208425"
"1524","Inside A Computer","102","92","42","1408210025"
"1525","The Fall","89","72","39","1408211175"
"1526","You Have To Go Back","99","97","38","1408208607"
"1527","Goin' Hiking","55","111","48","1408202015"
"1528","Shift","81","94","55","1408206658"
"1529","Zero","79","90","52","1408206477"
"1530","Irony","71","99","52","1408210750"
"1531","Ultra Hardcore","68","91","51","1408205723"
"1532","Rediscovery","95","87","38","1408211164"
"1533","Steam","68","93","50","1408208552"
"1534","Stealing Things","88","84","34","1408211032"
"1535","Powerless","99","76","40","1408200042"
"1536","Deity","81","86","41","1408208943"
"1537","A Warm And Cozy Place","72","96","46","1408210336"
"1538","Linear","67","114","40","1408208529"
"1539","Into The Unknown","114","77","44","1408211248"
"1540","Pattern","87","112","33","1408211279"
"1541","The Night Light","95","94","35","1408211032"
"1542","Blue","53","112","58","1408210233"
"1543","The Elements","88","78","35","1408211086"
"1544","Giantess","576","110","40","1408205518"
"1545","For Science!","133","71","40","1408210134"
"1546","Mostly Harmless","108","87","39","1408208828"
"1547","Ocean","91","119","29","1408211181"
"1548","Rise And Fall","105","57","40","1408211199"
"1549","Treasure","98","91","47","1408208918"
"1550","Greed","79","78","35","1408208522"
"1551","Infectious","114","83","32","1408211129"
"1552","Strength","60","133","44","1408210877"
"1553","Ceasefire Please","64","113","52","1408211171"
"1554","The Wind Is In Our Back","74","102","51","1408210259"
"1555","In Utero","32","122","69","1408210032"
"1556","In The Moonlight","82","94","40","1408209458"
"1557","10 Years Ago","69","103","47","1408210883"
"1558","Death Is Beautiful","91","86","54","1408175676"
"1559","You Can Never Have Too Many","111","57","34","1408210908"
"1560","About A Girl","65","99","64","1408208424"
"1561","Room","68","101","46","1408199674"
"1562","Randomness","92","101","46","1408209370"
"1563","All Or Nothing","84","83","31","1408209368"
"1564","Mouse Only","68","98","58","1408207840"
"1565","Race","57","114","60","1408205873"
"1566","Parody","66","94","53","1408210849"
"1567","Dialogue","68","130","41","1408206898"
"1568","Astro","82","113","36","1408210157"
"1569","Hurt My Heart","43","130","65","1408211088"
"1570","Distort","84","96","43","1408211064"
"1571","You Can Only Fail Once","90","88","65","1408210321"
"1572","Your First Love","50","98","59","1408199781"
"1573","Farm","58","110","66","1408209948"
"1574","Good And Bad","59","107","58","1408211295"
"1575","Blackout","106","100","18","1408206640"
"1576","Three Limits","99","91","34","1408211278"
"1577","Recursion","96","74","38","1408209740"
"1578","Identity Crisis","80","77","45","1408210899"
"1579","Unknown Story","79","98","55","1408209775"
"1580","Mad God","84","86","33","1408211156"
"1581","Diplomacy","73","101","49","1408207003"
"1582","Fear","74","100","34","1408208294"
"1583","Weapons Are People","105","86","40","1408211160"
"1584","School","47","135","63","1408196675"
"1585","Depression","59","115","56","1408210217"
"1586","Going For A Walk","90","89","42","1408208609"
"1587","The Unknown","98","74","32","1408208403"
"1588","Tunnel","87","113","32","1408202974"
"1589","Echoes","97","91","36","1408208443"
"1590","Burden","81","87","47","1408211196"
"1591","Awake Through All The Nights","58","102","53","1408208526"
"1592","Drain You","45","109","51","1408210023"
"1593","Bright Idea","55","116","41","1408209364"
"1594","No Way In, No Way Out","117","76","48","1408210901"
"1595","Revelation","72","105","35","1408211310"
"1596","Citizen","65","103","50","1408211276"
"1597","How Low Can You Go?","83","98","44","1408189259"
"1598","It Was The Best Of Times","54","116","64","1408210825"
"1599","Life And Death","76","99","35","1408211172"
"1600","Insubordination","59","89","48","1408211227"
"1601","Equality","92","104","56","1408209549"
"1602","Perceiving","57","111","37","1408198373"
"1603","Fall","94","105","51","1408209881"
"1604","4th Dimension","72","80","47","1408210614"
"1605","Interaction","71","95","43","1408208423"
"1606","Defence","63","104","44","1408201223"
"1607","Inner Senses","70","94","36","1408208928"
"1608","Teleportation","113","74","37","1408210611"
"1609","Sand","91","110","44","1408209705"
"1610","Plug And Play","41","107","42","1408209581"
"1611","Walk With Me","85","94","32","1408191093"
"1612","X Marks The Spot","91","95","33","1408207534"
"1613","Relativity","93","125","40","1408210836"
"1614","Outside The Box","101","67","41","1408211210"
"1615","Back In Time","101","88","37","1408203385"
"1616","Five Minute Fun","94","97","50","1408207528"
"1617","Doge","45","84","84","1408201118"
"1618","What Could Possibly Go Wrong?","96","58","37","1408209944"
"1619","Quality Assurance","67","99","61","1408210951"
"1620","Love Kills","76","113","51","1408211239"
"1621","Kingdom","83","103","33","1408205910"
"1622","Tension","77","103","31","1408201893"
"1623","Mine","82","101","52","1408210965"
"1624","A Dying Hope","61","107","36","1408208855"
"1625","Same Every Time","55","83","47","1408209872"
"1626","Other Perspective","108","77","38","1408201250"
"1627","Resistance","106","99","30","1408206987"
"1628","Degradation","86","98","45","1408209938"
"1629","I Wanna Be A Master","60","108","54","1408211266"
"1630","Boom!","88","102","54","1408210460"
"1631","Trailer","61","111","58","1408210946"
"1632","Lithium","43","98","68","1408201670"
"1633","Tradition","56","121","46","1408208807"
"1634","Unwanted Fame","59","120","38","1408211143"
"1635","Weather","80","91","34","1408211292"
"1636","Assumption","63","108","54","1408209661"
"1637","Sharing","74","96","52","1408211229"
"1638","Texture","47","120","71","1408210114"
"1639","Fun In The Sun","79","85","37","1408209694"
"1640","Survival","94","74","45","1408196454"
"1641","Your Own Army","102","84","33","1408211139"
"1642","I'm Not Afraid","82","103","52","1408211222"
"1643","Unconsistency","53","92","70","1408205426"
"1644","Mythological Dystopia","81","83","46","1408210748"
"1645","Half","78","97","48","1408211284"
"1646","Hashtag","38","88","85","1408209066"
"1647","Finish","64","117","60","1408211259"
"1648","Out Of Nothing","103","109","28","1408210189"
"1649","Going Through My Old Stuff","62","105","61","1408209641"
"1650","Aware","53","105","49","1408210101"
"1651","Two Worlds","108","82","31","1408211018"
"1652","The High Seas","83","90","38","1408206015"
"1653","Something's Out There","107","60","34","1408211219"
"1654","Glimpse Of The Future","106","68","29","1408205950"
"1655","Everything Is A Lie","95","85","45","1408211205"
"1656","Planting Trees","57","100","51","1408208765"
"1657","Facing Fear","84","91","48","1408210841"
"1658","Life Over","47","119","50","1408200436"
"1659","Deep Sea","80","76","34","1408211234"
"1660","Ambivalence","47","126","41","1408207084"
"1661","Deeper","83","81","39","1408200007"
"1662","Subconsious","80","74","45","1408211039"
"1663","North","66","95","50","1408201684"
"1664","Social","50","107","56","1408181802"
"1665","The Network","81","99","33","1408202901"
"1666","Ogre","61","118","49","1408204047"
"1667","Rebirth","83","82","32","1408201889"
"1668","Fighting","52","122","65","1408209013"
"1669","Stealth","80","98","40","1408208823"
"1670","Unified","85","107","47","1408209349"
"1671","Love Buzz","26","118","68","1408206594"
"1672","Therapeutic","52","123","54","1408209016"
"1673","Invisible","107","106","32","1408211230"
"1674","Reduced In Size","89","102","45","1408206910"
"1675","Slaughter","83","67","86","1408211173"
"1676","Language","64","106","46","1408195702"
"1677","Just Imagine","54","116","55","1408209899"
"1678","Cross The River","99","114","40","1408210923"
"1679","Logic","72","97","39","1408209648"
"1680","Co-Ordination","75","105","52","1408210954"
"1681","Fast Following","45","110","49","1408211303"
"1682","Take The Helm","79","87","34","1408211212"
"1683","Mid-Life Crisis","66","104","53","1408193603"
"1684","Build And Destroy","97","99","31","1408211207"
"1685","Solar Power","86","67","54","1408206919"
"1686","Off The Grid","117","69","34","1408210140"
"1687","Tower Climb","88","93","43","1408210991"
"1688","Twisted Elements","95","106","29","1408206774"
"1689","Panic","103","68","44","1408207240"
"1690","Merchandise","55","98","54","1408207911"
"1691","Underprivileged","45","108","56","1408210838"
"1692","Guaranteed!","56","104","59","1408210726"
"1693","Time To Party","57","85","60","1408209677"
"1694","Don't Save The Princess","106","72","33","1408210173"
"1695","Make It Count","80","100","31","1408209704"
"1696","Line Of Sight","100","80","37","1408203642"
"1697","Blossom","68","104","36","1408210537"
"1698","Anticipation","52","107","41","1408210972"
"1699","Home","68","102","44","1408211143"
"1700","Excessive","51","104","37","1408209453"
"1701","Choose Your Poison","90","99","38","1408208966"
"1702","Space Dreams","98","85","30","1408211081"
"1703","Help","68","108","52","1408208293"
"1704","Artifical Intelligence","115","79","42","1408208523"
"1705","Synergize","57","133","61","1408200559"
"1706","Ink","79","81","33","1408209903"
"1707","There Are Always More","83","81","32","1408208837"
"1708","Party Of Two","89","106","44","1408211153"
"1709","Liberation","86","111","41","1408211170"
"1710","Cheating","87","93","46","1408209446"
"1711","Honesty","70","102","51","1408210910"
"1712","Contemplation","56","117","41","1408208441"
"1713","Mushrooms","55","112","49","1408209692"
"1714","Smuggling","84","81","25","1408211014"
"1715","Keep Off The Grass","81","96","52","1408207925"
"1716","Suicide","49","98","70","1408209757"
"1717","Oriental","42","115","34","1408209774"
"1718","Guard","96","113","37","1408207202"
"1719","Failure","97","97","41","1408210951"
"1720","Cancer","32","100","68","1408209436"
"1721","Out Of Bounds","99","84","28","1408211127"
"1722","Anger","65","131","36","1408211214"
"1723","One Location","74","89","33","1408211002"
"1724","Feel The Rhythm","69","107","43","1408211100"
"1725","Mechanized","103","86","37","1408211252"
"1726","Belonging","59","121","43","1408205189"
"1727","Prison","79","90","30","1408207096"
"1728","Parallel Universe","104","72","31","1408211161"
"1729","Mayhem","76","92","44","1408209772"
"1730","Insecurity","71","90","35","1408209962"
"1731","Telephone","51","108","58","1408211182"
"1732","Black And White","88","86","42","1408209996"
"1733","What If?","86","87","50","1408204417"
"1734","Shopping Carts","60","98","46","1408211139"
"1735","Finish The Fight","54","103","46","1408210904"
"1736","Sharks","68","123","58","1408211294"
"1737","Never Again","79","96","32","1408206768"
"1738","My Spirit","56","105","35","1408210891"
"1739","Breathing","67","113","58","1408205739"
"1740","Death Can Help","88","68","40","1408211082"
"1741","New Beginnings","81","121","34","1408211104"
"1742","Toilet Emergency","75","75","67","1408211202"
"1743","Why Should I?","91","99","57","1408203604"
"1744","Cheese","70","106","54","1408204087"
"1745","Jurassic","59","128","43","1408206983"
"1746","Other World","108","108","38","1408207087"
"1747","Interpolation","68","117","50","1408211034"
"1748","Drones","95","100","50","1408207081"
"1749","All Powerful","59","88","36","1408211173"
"1750","Little","69","94","45","1408211145"
"1751","Test The Limits","100","108","29","1408210314"
"1752","Relationships","54","93","57","1408208854"
"1753","Shame","62","116","40","1408209002"
"1754","Open To Interpretation","62","78","69","1408211044"
"1755","8 Bits","104","74","45","1408209631"
"1756","Bad Guys Fear You","87","115","41","1408208738"
"1757","Forward And Backward","99","112","36","1408208641"
"1758","All Men Must Die","98","71","66","1408209423"
"1759","Refugee","82","98","45","1408209551"
"1760","Doubles","86","92","39","1408206993"
"1761","Parliament","39","124","56","1408210874"
"1762","Terrorism","42","100","55","1408203548"
"1763","Candy","56","124","70","1408211065"
"1764","Stay Focused","89","100","42","1408200757"
"1765","Things With Wings","89","81","42","1408211127"
"1766","Iconoclast","47","103","64","1408208987"
"1767","Cyberpunk","77","90","40","1408210077"
"1768","From Another World","105","81","37","1408211074"
"1769","Winter is Coming","88","82","61","1408204526"
"1770","Idle","56","109","64","1408211217"
"1771","Elusive","73","115","31","1408208818"
"1772","Android Dreams","73","102","61","1408207596"
"1773","Odd One Out","83","96","46","1408211021"
"1774","Call Me","61","106","60","1408210680"
"1775","Secret Santa","35","111","55","1408210441"
"1776","Never Enough!","88","106","26","1408196731"
"1777","From The Ashes","122","89","26","1408210063"
"1778","Heat Management","65","107","40","1408199953"
"1779","Flip","97","100","49","1408208435"
"1780","I Missed Something Important","112","94","44","1408210974"
"1781","They Are Coming!","106","77","31","1408205750"
"1782","Paintball","44","116","64","1408210915"
"1783","Crypt","81","91","32","1408210503"
"1784","Bookworm","64","124","57","1408211178"
"1785","Build And Defend","93","108","30","1408206551"
"1786","All Systems Go","94","88","37","1408210800"
"1787","Chameleon","82","94","42","1408211154"
"1788","Tourism","40","122","54","1408211025"
"1789","Many","69","98","58","1408210163"
"1790","Playback","58","109","49","1408210935"
"1791","Infinity","112","84","35","1408211277"
"1792","Forgetfulness","54","83","47","1408211236"
"1793","Represent","40","135","45","1408211229"
"1794","Behind","50","110","36","1408208430"
"1795","Three Worlds","87","89","39","1408200678"
"1796","You Only Live Once","70","81","84","1408210317"
"1797","Strange Physics","109","70","34","1408211282"
"1798","Ownership","80","98","44","1408210928"
"1799","You And Your Twin","72","116","45","1408209553"
"1800","Dungeon","94","94","37","1408209706"
"1801","Global Warming","52","105","62","1408210728"
"1802","Blow","41","119","54","1408210338"
"1803","Pile It Up!","79","104","40","1408209677"
"1804","The Other Side","123","71","28","1408207053"
"1805","Fractals","70","96","57","1408204358"
"1806","Lonely","114","88","35","1408211226"
"1807","Inception","61","105","49","1408208797"
"1808","I Should Have Seen That Coming!","102","86","48","1408207426"
"1809","Snowman","55","113","61","1408210914"
"1810","Summer Haze","51","126","63","1408211229"
"1811","Frogs","67","105","72","1408191448"
"1812","Leaks","79","95","44","1408211208"
"1813","Tutorial","43","121","53","1408209206"
"1814","The Wrong Place At The Wrong Time","105","87","33","1408205800"
"1815","Time Travel","131","78","22","1408211255"
"1816","Inroads","26","125","52","1408211004"
"1817","Religion","41","120","63","1408211106"
"1818","Beach","65","118","59","1408209021"
"1819","Metropolis","87","84","26","1408197214"
"1820","Discovery","111","81","23","1408209354"
"1821","Enlightenment","78","98","41","1408210937"
"1822","Me","53","116","65","1408196799"
"1823","Electric","87","106","48","1408198837"
"1824","Travel To Anywere","76","104","42","1408211300"
"1825","Extroversion","36","111","55","1408206761"
"1826","It Waits","65","99","49","1408208288"
"1827","Losing Control","112","69","33","1408211004"
"1828","We Will Win","48","120","54","1408191766"
"1829","Redecorating","47","109","52","1408211019"
"1830","Elementary","57","116","42","1408196459"
"1831","Beards","75","95","50","1408210885"
"1832","Pulling Strings","94","90","39","1408199223"
"1833","Poles","53","109","53","1408210308"
"1834","Aftermath","100","98","35","1408211098"
"1835","Weakness","90","108","33","1408211309"
"1836","Fuzzy Logic","72","92","50","1408206703"
"1837","Markets","56","101","34","1408202936"
"1838","Quest","88","105","54","1408210450"
"1839","Innovation","76","109","45","1408205391"
"1840","Homelessness","64","91","57","1408210982"
"1841","Don't Stop Moving","124","82","35","1408211148"
"1842","Loneliness","92","93","41","1408199496"
"1843","Currency","80","99","36","1408211235"
"1844","The Great Quest","53","100","43","1408181370"
"1845","The Great Outdoors","74","103","37","1408208954"
"1846","Deconstruction","93","81","47","1408211126"
"1847","I Am Free","98","110","59","1408210999"
"1848","Food","59","118","47","1408209249"
"1849","No More War","68","95","54","1408211105"
"1850","Uncertainty","81","95","36","1408207002"
"1851","Go Back, Disappear","63","117","61","1408208410"
"1852","You Must Leave It Behind","113","75","39","1408211010"
"1853","Memory","90","93","38","1408211087"
"1854","Soaring","58","110","37","1408210493"
"1855","Graveyards","94","98","37","1408210910"
"1856","Short Fuse","92","117","52","1408211208"
"1857","Unsolvable Conflict","86","84","54","1408211185"
"1858","After The Flood","86","90","33","1408206016"
"1859","Alphabet","46","100","49","1408199806"
"1860","Omnipotent","82","77","39","1408210897"
"1861","Asymetric Gameplay","77","84","50","1408211299"
"1862","Life Begins","79","96","38","1408211289"
"1863","Eclipse","84","91","39","1408206456"
"1864","Prometheus","56","111","46","1408208829"
"1865","Flower Power","65","114","48","1408208904"
"1866","Old Boyfriends","25","117","92","1408210985"
"1867","Another World","118","72","31","1408210274"
"1868","Darkness","83","93","37","1408210904"
"1869","Everything Can Be Destroyed","104","74","28","1408186807"
"1870","Theory Of Mind","71","105","37","1408210649"
"1871","Coming Of An Age","65","102","51","1408211138"
"1872","I Lost It","79","96","42","1408211008"
"1873","Arrogance","52","115","64","1408209760"
"1874","Sixties","53","111","67","1408210961"
"1875","Generation","97","81","35","1408211296"
"1876","Wait For It","101","75","32","1408204895"
"1877","Golem","72","113","48","1408211267"
"1878","Revenant","55","93","50","1408207504"
"1879","Physics","74","84","54","1408210981"
"1880","Life's Too Short","103","84","39","1408211108"
"1881","Apples","50","101","54","1408209707"
"1882","Robot Uprising","87","93","51","1408211301"
"1883","Fortune","72","96","41","1408186835"
"1884","Polaroid","41","126","53","1408208584"
"1885","The Dark","104","85","33","1408211074"
"1886","Construction","97","71","23","1408210979"
"1887","Timer","61","106","61","1408210324"
"1888","Civil Disobedience","81","90","46","1408211091"
"1889","Shadows","122","81","29","1408207061"
"1890","Just Seven Steps","72","84","58","1408206298"
"1891","The Real One Isn't Here","79","90","39","1408210258"
"1892","War Of The Worlds","82","85","46","1408211126"
"1893","Thrust","63","109","48","1408198507"
"1894","Everything Is Stolen","88","99","43","1408199969"
"1895","Again And Again","88","78","47","1408210843"
"1896","Power","87","99","35","1408206994"
"1897","Unicorns","61","89","44","1408198485"
"1898","Injection","85","98","47","1408210737"
"1899","Hellmouth","53","110","58","1408208469"
"1900","Crunch Time","76","108","45","1408211144"
