"1","5 Minutes to Save the World","193","136","60","1417219294"
"2","18th Century Fashion","86","175","116","1417219598"
"3","100","162","145","96","1417218441"
"4","A Game for Kids","90","172","124","1417219550"
"5","A Letter is a Key","127","174","81","1417219502"
"6","A Rushed Expedition","173","162","56","1417217586"
"7","Abnormal Interaction","164","146","58","1417218794"
"8","Accident","160","157","48","1417218469"
"9","Acronyms","74","193","100","1417219512"
"10","Across the Border","165","146","60","1417219576"
"11","Active Life","87","213","72","1417216516"
"12","Activism","91","209","95","1417219088"
"13","Adaptation","197","138","50","1417219125"
"14","Addictive","109","182","74","1417217716"
"15","Adrenaline","162","160","46","1417217968"
"16","Adventure","150","143","64","1417219386"
"17","Adventures in Space","164","142","67","1417218033"
"18","Advertising","91","174","133","1417219826"
"19","After the End","209","138","50","1417219555"
"20","Agility","144","166","55","1417219394"
"21","Ain't Nobody Got Time for That","156","140","120","1417218752"
"22","All Hands on Deck","138","171","79","1417218050"
"23","All Roads Lead To...","179","134","65","1417219250"
"24","All That is Gold Does Not Glitter","117","150","95","1417219532"
"25","Alpaca","112","175","103","1417219281"
"26","Alternate Ending","175","155","64","1417218789"
"27","Alternative Choices","199","135","49","1417219511"
"28","Alternative History","185","161","61","1417219481"
"29","Alternative Reality","162","131","48","1417217978"
"30","America","42","150","150","1417219495"
"31","Amnesia","136","182","74","1417218296"
"32","Anaconda","61","200","108","1417219668"
"33","Analysis Paralysis","117","172","101","1417219562"
"34","Ancient","204","129","64","1417219768"
"35","Ancient Arts","133","163","65","1417219769"
"36","Ancient Modernism","162","160","87","1417219178"
"37","Ancient Ruins","195","149","42","1417219730"
"38","And We Leave Them Behind","158","133","67","1417217085"
"39","Animals","110","185","78","1417218316"
"40","Animation","96","186","106","1417219677"
"41","Annihilation","154","159","67","1417218800"
"42","Another Dimension","218","134","64","1417219716"
"43","Another Way Around","191","121","47","1417218722"
"44","Another World","177","132","51","1417219323"
"45","Anti-gravity","182","168","58","1417219633"
"46","Anti-violence","169","154","76","1417218628"
"47","Antivirus","155","178","66","1417219356"
"48","Anxiety","122","175","72","1417219565"
"49","Apec","49","210","115","1417218455"
"50","Apocalypse","185","149","82","1417218940"
"51","Apocalyptic","156","155","68","1417218024"
"52","Arabic","66","184","130","1417217999"
"53","Arcade","135","156","88","1417219221"
"54","Arcadification","96","180","118","1417215570"
"55","Are We the Baddies?","151","123","70","1417219210"
"56","Around","96","201","86","1417219602"
"57","Arson","132","186","80","1417219736"
"58","Arsonism","122","182","75","1417219761"
"59","Artificial Life","214","129","38","1417218815"
"60","As the Prophesy Told","154","161","84","1417217218"
"61","Aventures in Space","182","145","67","1417218534"
"62","Avoid the Light","220","133","46","1417217999"
"63","Bananas","117","157","95","1417218950"
"64","Bartering","133","185","73","1417218748"
"65","Battle","142","162","89","1417219318"
"66","Battle Roles","114","206","67","1417219031"
"67","Bears","149","177","83","1417218944"
"68","Beautiful Story","108","184","92","1417215306"
"69","Become the King or Queen","126","155","76","1417219623"
"70","Beer","107","168","91","1417218781"
"71","Behind the Scenes","166","152","42","1417219798"
"72","Belfry","61","195","120","1417217490"
"73","Bending Time","203","140","51","1417219565"
"74","Beyond Closed Doors","175","131","46","1417217837"
"75","Beyond the Broken Barrier","163","161","58","1417219291"
"76","Big Brother is Watching You","155","167","66","1417219650"
"77","Bigger is Better","183","144","73","1417215416"
"78","Biology","127","174","80","1417219464"
"79","Birthday","64","204","100","1417219807"
"80","Bittersweet","134","192","72","1417219341"
"81","Black","145","159","90","1417218587"
"82","Blindness","174","141","61","1417217773"
"83","Board Game","111","180","74","1417219326"
"84","Books","129","174","86","1417219782"
"85","Boom","155","174","75","1417217245"
"86","Borders","193","123","57","1417217537"
"87","Break from Tradition","183","136","52","1417219394"
"88","Break the Law","191","148","59","1417219465"
"89","Break the Rules","237","98","50","1417217800"
"90","Build Your Own Adventure","169","153","57","1417218888"
"91","Build Your Player","167","146","66","1417219224"
"92","Bullet Hell","123","191","81","1417219402"
"93","Burn It Down","178","166","61","1417219390"
"94","Buses","94","235","116","1417215894"
"95","Butterfly Effect","202","131","53","1417217580"
"96","Buy and Sell","155","164","71","1417219790"
"97","Call Me Ishmael","49","210","117","1417219352"
"98","Candy Candy Candy","90","166","127","1417219751"
"99","Candyland Doomed","116","178","111","1417217312"
"100","Capitalism","116","152","82","1417218767"
"101","Cards","139","191","93","1417219721"
"102","Carnival","147","190","68","1417219414"
"103","Cartography","146","183","57","1417219093"
"104","Cat","119","190","78","1417217880"
"105","Caverns","163","180","65","1417218729"
"106","Censorship","150","175","68","1417219406"
"107","Center of the","174","128","92","1417219574"
"108","Changing Seasons","171","151","53","1417219257"
"109","Chaos","205","137","40","1417215830"
"110","Charge","147","185","52","1417219495"
"111","Chase/pursuit","192","149","65","1417217990"
"112","Chicken","134","154","91","1417217914"
"113","Childhood","136","191","82","1417218607"
"114","Childish","107","177","86","1417219636"
"115","Children","72","215","114","1417219818"
"116","Choose Your Faith","128","163","86","1417219481"
"117","Choose Your Path","197","126","56","1417216220"
"118","Choreography","110","202","82","1417219548"
"119","Christmas","105","184","110","1417219431"
"120","Christmas","89","190","131","1417219620"
"121","Christmas Adam","32","224","163","1417217576"
"122","Christmas Miracle","75","182","142","1417219739"
"123","Circus","114","199","108","1417219645"
"124","City Life","151","182","60","1417218777"
"125","Climate Change","127","175","80","1417219400"
"126","Clone","190","161","66","1417219465"
"127","Closer","146","189","67","1417218792"
"128","Closure","124","195","60","1417217704"
"129","Cluster","146","173","53","1417219708"
"130","Coffee","137","170","92","1417219471"
"131","Coincidence","168","167","65","1417219369"
"132","Collective Conscience","177","156","59","1417219806"
"133","Colony","180","149","49","1417219653"
"135","Color is Everything","199","130","63","1417219699"
"136","Combination is Powerful","185","119","54","1417219111"
"137","Combos","155","174","64","1417219661"
"138","Comedic","101","195","74","1417219428"
"139","Comedy","107","192","103","1417219341"
"140","Comets","173","144","53","1417219570"
"141","Coming of Age","111","180","66","1417219631"
"142","Companion","204","158","49","1417219183"
"143","Compassion","117","187","75","1417219467"
"144","Confusion","168","174","61","1417219371"
"145","Conspiracies","152","172","52","1417219302"
"146","Conspiracy","181","157","51","1417219455"
"147","Continuum","161","179","67","1417219437"
"148","Contrast","161","134","44","1417219041"
"149","Contrasting","141","168","54","1417219365"
"150","Controlled Chaos","200","127","38","1417216361"
"151","Controversy","119","197","78","1417219583"
"152","Cookies","134","167","72","1417217318"
"153","Cooperation","171","145","63","1417219790"
"154","Corrupt","186","137","59","1417219105"
"155","Corruption","182","136","44","1417219751"
"156","Countryside","85","193","63","1417218079"
"157","Courier","166","163","59","1417216309"
"158","Crime","123","182","70","1417218057"
"159","Crossover","142","189","73","1417218364"
"160","Crowd Funding","59","165","108","1417219605"
"161","Crowdsourced","90","185","111","1417218796"
"162","Cruel World","178","156","39","1417219258"
"163","Crystal Domain","120","188","67","1417218082"
"164","Crystallization","144","165","75","1417219636"
"165","Cubes","154","155","75","1417218595"
"166","Culture Clash","144","184","63","1417218687"
"167","Cup of Tea","147","179","88","1417219720"
"168","Currency","139","190","94","1417219215"
"169","Cyberpunk","155","132","62","1417219831"
"170","Danger","135","147","77","1417217770"
"171","Darkness is Power.","210","146","50","1417219325"
"172","Darude Sandstorm","95","134","122","1417219226"
"173","Death","174","148","67","1417218737"
"174","Death is Useful","234","106","48","1417219792"
"175","Decency","77","182","72","1417217974"
"176","Deception","182","142","53","1417219009"
"177","Deep Space","187","132","42","1417218971"
"178","Defenestration","141","151","88","1417219488"
"179","Degeneracy","129","161","66","1417219706"
"180","Democracy","127","179","80","1417214440"
"181","Demonic Clowns","90","173","106","1417217747"
"182","Design Flaws","148","166","71","1417219529"
"183","Destruction","196","158","46","1417215572"
"184","Devil Inside","142","154","72","1417218614"
"185","Different Life Forms","202","156","40","1417219517"
"186","Differet Sizes","142","153","102","1417219060"
"187","Dimensional Traveler","198","138","50","1417217093"
"188","Dinosaurs","163","176","72","1417219794"
"189","Discovery","202","123","46","1417219632"
"190","Dissonance","156","175","61","1417215975"
"191","Distortion","208","140","28","1417219631"
"192","Diversity","187","159","77","1417219795"
"193","Division","163","144","66","1417219635"
"194","Do No Harm","201","140","50","1417219210"
"195","Do Not Play with Fire","181","154","68","1417219757"
"196","Do Our Mistakes Teach Us?","149","149","64","1417219487"
"197","Doctor","118","201","83","1417218804"
"198","Doge","77","152","139","1417219800"
"199","Domination","165","147","52","1417219418"
"200","Dood","54","176","175","1417218986"
"201","Dragons","147","186","79","1417219417"
"202","Drama","90","222","86","1417219645"
"203","Dream Catcher","156","162","63","1417219619"
"204","Dreams","205","125","55","1417218889"
"205","Drifting Away","172","158","63","1417219534"
"206","Drop the Bass","121","152","96","1417219733"
"207","Drug Dealer","116","193","101","1417217241"
"208","Drugs","113","192","99","1417219390"
"209","Dungeon","190","129","80","1417219840"
"210","Dwarf","140","175","68","1417219270"
"211","Dying","160","160","63","1417219355"
"212","Dystopia","172","157","50","1417218330"
"213","E for Everyone!","108","149","105","1417219419"
"214","e-Sport","65","190","147","1417219375"
"215","Easy","89","183","94","1417215217"
"216","Ebola","71","142","164","1417219012"
"217","Economic","106","162","67","1417218816"
"218","Ecosystem","210","137","42","1417219725"
"219","Editor","108","185","110","1417219277"
"220","Ego Shooter","74","185","93","1417219366"
"221","Egypt","106","187","90","1417219207"
"222","Electromagnetism","152","169","73","1417217727"
"223","Electronics","159","194","55","1417219499"
"224","Emergence","126","164","58","1417217536"
"225","Emotionlessness","102","180","92","1417219755"
"226","End of Life","186","131","57","1417219699"
"227","End Where You Started","225","111","59","1417219736"
"228","Endless","196","104","49","1417217756"
"229","Entire Game on One Screen","210","98","70","1417218985"
"230","Episodic","99","204","92","1417217884"
"231","Escape!","202","144","50","1417217806"
"232","Escapism","145","139","66","1417219756"
"233","Ethics","115","196","103","1417219542"
"234","Euphoria","121","163","66","1417219717"
"235","Evaluation","118","187","92","1417218495"
"236","Everyone is You","182","142","65","1417219040"
"237","Everything Falls Apart","226","106","40","1417219064"
"238","Exaggeration","152","167","57","1417217544"
"239","Existencialism","113","173","101","1417218139"
"240","Exploration","240","122","45","1417219635"
"241","Exponential","160","149","55","1417219404"
"242","Extinction","211","136","41","1417219148"
"243","Failure is the Best Option","204","112","45","1417217980"
"244","Fairies","98","194","95","1417219741"
"245","Fake","145","160","72","1417218148"
"246","Falling","165","142","54","1417219234"
"247","Falling from the Sky","212","124","34","1417219634"
"248","False Truth","163","158","58","1417219222"
"249","Family Tree","122","177","66","1417217835"
"250","Fantasy","118","163","71","1417219358"
"251","Farm","121","184","80","1417219758"
"252","Farming","133","171","89","1417219544"
"253","Faster","167","164","66","1417219493"
"254","Fatal Error","196","133","58","1417219408"
"255","Fear","163","174","48","1417218298"
"256","Feminine","117","173","106","1417219402"
"257","Fire","132","149","53","1417219230"
"258","Fire People","142","158","69","1417219830"
"259","Fireworks","123","171","74","1417219626"
"260","First Encounter","172","144","59","1417219267"
"261","Fishsticks","62","171","135","1417219763"
"262","Flatulence","81","172","137","1417217996"
"263","Flight","168","164","44","1417219556"
"264","Flip-flop","94","191","88","1417216526"
"265","Flow","191","143","46","1417218629"
"266","Fluidity","147","162","45","1417218899"
"267","Flying Pigs","123","180","98","1417218871"
"268","Follow It","208","149","62","1417218772"
"269","For the Win!","100","168","120","1417218454"
"270","Foreign","114","168","57","1417218749"
"271","Foreign Policy","100","193","84","1417219529"
"272","Forget","157","168","64","1417219241"
"273","Forgotten Places","231","112","32","1417219430"
"274","Four Elements","221","119","55","1417219553"
"275","Frantic","134","169","62","1417218439"
"276","Free of Choice!","129","150","75","1417219739"
"277","Friday 13th","69","222","126","1417219812"
"278","Friends","114","173","80","1417215212"
"279","Frontier","176","152","57","1417219097"
"280","Gadget War","160","174","64","1417219801"
"281","Game Over!","137","159","103","1417219505"
"282","Garage Tools","87","210","80","1417219016"
"283","Garden of Eden","132","175","79","1417219411"
"284","Gardening","153","168","75","1417218973"
"285","Gauss","101","195","98","1417219824"
"286","Generation","194","121","43","1417219091"
"287","Genetic","209","146","57","1417219813"
"288","Get Me out of Here","198","120","53","1417217521"
"289","Getting Bigger","189","120","57","1417218604"
"290","Ghosts","161","159","57","1417219412"
"291","Giant","197","173","67","1417219628"
"292","Gingerbread","76","162","93","1417219742"
"293","Girly","78","160","113","1417219243"
"294","Give Me Power","201","145","46","1417219339"
"295","Giving","136","165","72","1417218484"
"296","Glitch","201","123","63","1417219351"
"297","Glutton and Treats","84","195","100","1417219245"
"298","Go Left","160","197","69","1417219629"
"299","Goblins","93","179","71","1417217089"
"300","Golden Times","110","192","75","1417219199"
"301","Golems","149","163","83","1417219615"
"302","Gone Wild","126","172","65","1417217682"
"303","Grammar","70","194","125","1417219770"
"304","Gravitation","179","140","53","1417219095"
"305","Gravity","191","136","41","1417219789"
"306","Gravity and Time","205","132","42","1417219414"
"307","Gravy","67","213","110","1417219809"
"308","Greyscale","149","158","80","1417219255"
"309","Groundhog Day","111","150","81","1417219732"
"310","Grow","208","116","57","1417219689"
"311","Growing","209","127","48","1417216298"
"312","Hacking","168","171","63","1417219251"
"313","Hail the Empire!","173","192","76","1417219624"
"314","Happiness","122","196","66","1417217027"
"315","Harmony","141","166","67","1417217388"
"316","Hats","141","147","87","1417219440"
"317","Headbang","105","196","104","1417219426"
"318","Heartbreak","116","178","74","1417216343"
"319","Heartfelt","87","193","85","1417219196"
"320","Heartless","154","158","80","1417219333"
"321","Heaven and Hell","159","153","72","1417219615"
"322","Heavy Weapons","170","167","66","1417219669"
"323","Heist","175","160","64","1417217999"
"324","Help","139","186","73","1417218634"
"325","Hidden","211","140","32","1417216497"
"326","Hidden Depths","191","116","42","1417212480"
"327","Hip Hop","51","209","127","1417217887"
"328","Historic Moment","159","168","88","1417219194"
"329","Hitchhiking","141","151","69","1417219544"
"330","Hive Mind","204","139","60","1417218791"
"331","Holy Grail","129","192","75","1417218528"
"332","Home Land","119","202","69","1417219301"
"333","Home Sweet Home","150","147","74","1417218680"
"334","Honor","129","191","69","1417216443"
"335","Hope","165","160","61","1417219638"
"336","Hope You're Happy","130","175","77","1417219492"
"337","Horizontal Escalation","138","172","90","1417219058"
"338","Horror","91","174","101","1417219250"
"339","Hot and Cold","203","147","49","1417219731"
"340","How Far Can Science Get?","167","139","59","1417219777"
"341","Hurry Up!","174","185","73","1417219424"
"342","Hustle","100","194","81","1417219372"
"343","I Am","121","163","115","1417218167"
"344","I Command You","187","146","49","1417219190"
"345","I Control You","171","124","47","1417218730"
"346","I Don't Belong Here","215","110","58","1417218646"
"347","I Don't Understand","158","135","89","1417219581"
"348","I Have to Do What?","165","132","88","1417217891"
"349","I Need Some Explanation","149","148","104","1417219507"
"350","Ideas from Your Sleep","175","150","72","1417219634"
"351","Idle","98","151","65","1417217360"
"352","If Only","152","150","83","1417219808"
"353","Illusion","191","145","45","1417219348"
"354","Immersion","139","170","73","1417218788"
"355","In My Mind","178","138","65","1417219365"
"356","In Time for You","101","210","86","1417219091"
"357","Inception","116","144","79","1417219400"
"358","Incremental","180","135","59","1417219578"
"359","Indirect Control","243","120","45","1417218897"
"360","Industrial","176","156","62","1417218998"
"361","Inevitable Failure","202","125","56","1417218153"
"362","Infinite Loop","220","125","50","1417212780"
"363","Infinity","235","116","59","1417216196"
"364","Injury","105","183","59","1417219455"
"365","Insanity","184","111","45","1417219683"
"366","Inside Out","160","145","56","1417218626"
"367","Inside Your Head","198","118","47","1417219690"
"368","Intelligence","157","149","46","1417219469"
"369","Interdependence","147","146","55","1417219734"
"370","Intergalactic","188","141","51","1417217566"
"371","International","107","208","75","1417219540"
"372","Interstellar","151","134","57","1417219769"
"373","Interview","94","199","105","1417219787"
"374","Inverted","172","128","62","1417219011"
"375","Invisible Magic","168","154","60","1417219737"
"376","Island","174","134","40","1417215690"
"377","Isolation","232","101","42","1417219803"
"378","It Breaks When You Touch It","222","117","46","1417219525"
"379","It is the End","172","129","48","1417219010"
"380","It Might Not Be Dead","201","115","48","1417219695"
"381","It Needs to Go Faster","220","108","67","1417217845"
"382","It Should Have Been Me","156","157","65","1417219074"
"383","It Was Something I Ate","155","151","67","1417218484"
"384","It's All in Your Head","175","129","62","1417217329"
"385","It's Not the End","196","110","42","1417219038"
"386","It's Only a Dream","163","142","68","1417219396"
"387","It's the Choice That Matters","163","155","53","1417219568"
"388","Journey","216","122","48","1417218191"
"389","Jump","122","170","94","1417219021"
"390","Jungle","133","186","64","1417218800"
"391","Just Too Late","179","166","56","1417219584"
"392","Keeping Control","201","131","47","1417219746"
"393","Kill'em'all","138","155","89","1417219382"
"394","Kittens","140","161","86","1417219393"
"395","Land the Plane","116","175","96","1417219660"
"396","Larger Than Life","132","168","62","1417218952"
"397","Laws of Physics","158","167","62","1417215826"
"398","Layers","188","132","43","1417219194"
"399","Lasers","191","137","59","1417219040"
"400","Learn Something","174","163","75","1417219036"
"401","Leave All Behind.","182","151","63","1417218818"
"402","Legend","162","146","52","1417218988"
"403","Let's Get It on","84","179","95","1417217293"
"404","Level Down","169","132","43","1417219178"
"405","Lies","174","156","71","1417219382"
"406","Life","134","151","67","1417219218"
"407","Lifetime","176","146","60","1417218930"
"408","Limited Control","214","132","57","1417219285"
"409","Limited Resources","221","89","43","1417218077"
"410","Liquid","172","169","65","1417218660"
"411","Literal Sandbox","128","161","95","1417219721"
"412","Living in the Leaf","114","185","80","1417217869"
"413","Lizards Vs Spock","77","160","144","1417219119"
"414","Local Multiplay","127","151","111","1417217517"
"415","Locked","201","148","47","1417219736"
"416","Loneliness","149","156","50","1417217994"
"417","Lonely","204","163","70","1417219793"
"418","Looking Glass","149","164","56","1417219834"
"419","Losing Control","203","116","43","1417219533"
"420","Lost","155","156","50","1417219237"
"421","Love","123","179","104","1417219617"
"422","Macabre","128","190","78","1417219647"
"423","Machines","212","143","44","1417219518"
"424","Mad Max","73","173","109","1417218182"
"425","Madness","208","142","47","1417218600"
"426","Magic","170","178","73","1417218413"
"427","Magnitude","153","182","49","1417218810"
"428","Make Love Not War","129","170","96","1417219426"
"429","Make Space","186","132","51","1417217593"
"430","Malfunction","177","118","61","1417217488"
"431","Maps","157","163","60","1417219423"
"432","Mass Instructions","113","183","98","1417219345"
"433","Mayhem","168","145","64","1417219594"
"434","Maze Game","106","189","103","1417219025"
"435","Meaningless","136","168","84","1417219720"
"436","Mechanics","166","157","59","1417215463"
"437","Medieval","118","146","73","1417219368"
"438","Meditation","132","168","75","1417219724"
"439","Meeting","123","193","77","1417219665"
"440","Megadeath","112","145","97","1417217587"
"441","Memes","64","171","174","1417219096"
"442","Memories","166","166","51","1417219234"
"443","Mental Challenge","130","186","59","1417219731"
"444","Metagame","138","170","76","1417219621"
"445","Metagaming","121","176","83","1417219832"
"446","Metaphors","145","181","70","1417217574"
"447","Middle Ages","155","154","68","1417219228"
"448","Minature Scaled","127","162","75","1417219741"
"449","Mind Explosion","149","155","65","1417219446"
"450","Mine","157","158","67","1417219822"
"451","Mirrored","196","146","40","1417219436"
"452","Misdirection","162","125","41","1417217491"
"453","Misery","129","190","73","1417219514"
"454","Mishmash","91","176","85","1417219685"
"455","Missed Connections","133","153","69","1417219330"
"456","Misunderstandings","156","164","47","1417218981"
"457","Moist","89","182","109","1417218006"
"458","Money","122","199","72","1417219629"
"459","Monkeys","117","185","97","1417219248"
"460","Monochrome","169","150","66","1417218996"
"461","Monsters","132","170","76","1417219782"
"462","Mother","105","176","85","1417219658"
"463","Multiple Directions","221","134","59","1417217894"
"464","Multitasking","167","168","61","1417219204"
"465","Muscle Memory","95","183","72","1417219413"
"466","Music","135","175","89","1417219706"
"467","Music War","117","153","80","1417219462"
"468","My Grandmom's Secret","112","154","120","1417218744"
"469","Mystical Creatures","177","168","64","1417219641"
"470","Mythical","158","127","58","1417219416"
"471","Mythology","189","163","56","1417219257"
"472","Natural Vs Manmade","176","157","69","1417217327"
"473","Nature","153","160","74","1417219413"
"474","Neon","146","163","65","1417219098"
"475","Neon Against Black","119","148","90","1417218299"
"476","New Age Retro","116","176","86","1417219209"
"477","Nice Hats","143","137","97","1417219560"
"478","Nightmares","199","141","44","1417219836"
"479","Nine Thousand","131","167","122","1417218758"
"480","Ninjas","138","176","72","1417219579"
"481","No Matter Which Way You Go","201","125","52","1417218464"
"482","No One Could Ever Know","178","150","71","1417217807"
"483","No Player","156","123","81","1417219479"
"484","No Sleep","172","168","58","1417219324"
"485","No Undo","169","183","73","1417218946"
"486","Nobody Expects ...","183","140","62","1417219475"
"487","Noire","140","190","68","1417216287"
"488","Noise","182","162","71","1417219444"
"489","Nostalgia","153","166","84","1417217528"
"490","Not Black and White","162","169","89","1417219461"
"491","Not Enough Time","234","109","43","1417219747"
"492","Not Quite What Was Planned","215","128","56","1417217888"
"493","Not Real","170","174","53","1417219765"
"494","Obligation","116","163","67","1417219262"
"495","Obscure Sport","154","167","87","1417215579"
"496","Observation","171","136","70","1417219742"
"497","Off-world","187","141","48","1417219737"
"498","Office","135","197","76","1417219158"
"499","Office Based","115","203","87","1417219475"
"500","Office Work","108","167","62","1417217424"
"501","Oil Everywhere","113","190","89","1417219275"
"502","Old Friends","138","186","57","1417219410"
"503","Old School","136","161","68","1417219318"
"504","On Sale","117","175","86","1417219771"
"505","On Second Thoughts","156","174","61","1417214746"
"506","On the Run","209","106","55","1417219166"
"507","One Button","195","118","67","1417219204"
"508","One More Chance","195","121","58","1417219605"
"509","One of Us Are Not Who They Seem","216","133","70","1417219241"
"510","One Rule","246","101","53","1417219630"
"511","Only Human","146","166","60","1417218882"
"512","Only Text","150","136","93","1417218835"
"513","Only You Can Prevent","158","157","82","1417219485"
"514","Open It at Your Own Risk","213","106","51","1417218004"
"515","Open World","156","154","72","1417218482"
"516","Opposite","159","185","55","1417219043"
"517","Orcs","87","193","119","1417218484"
"518","Organisation","113","180","64","1417219498"
"519","Orwellian","129","173","108","1417219359"
"520","Ostriches","90","161","93","1417219719"
"521","Other View","188","182","60","1417218892"
"522","Otherworldly","169","138","59","1417219788"
"523","Out of This World","205","129","60","1417215848"
"524","Out of View","185","146","49","1417219007"
"525","Outer Space","178","153","63","1417212048"
"526","Outside of Outside of the Box","176","125","95","1417219260"
"527","Outside the Box","185","153","58","1417217523"
"528","Overcoming Fear","139","165","50","1417219522"
"529","Overdose","149","171","63","1417218741"
"530","Oxygen","170","169","65","1417219573"
"531","Pale Blue Dot","135","171","86","1417219418"
"532","Paper World","172","153","48","1417216546"
"533","Paradise","160","179","60","1417219767"
"534","Paradox","219","124","51","1417219642"
"535","Paradoxical","164","155","67","1417219738"
"536","Paranormal","151","166","65","1417216310"
"537","Parasites","203","140","68","1417218005"
"538","Participation!","89","192","93","1417218885"
"539","Particles","179","145","57","1417218167"
"540","Party","112","177","83","1417219222"
"541","Password","124","188","82","1417218884"
"542","Past","156","156","53","1417219207"
"543","Peace","121","172","76","1417219742"
"544","Peace","120","146","70","1417219619"
"545","Peaches","73","183","117","1417219308"
"546","Penguins","171","170","70","1417218574"
"547","Permanent","176","145","37","1417218736"
"548","Perspective","196","175","56","1417218506"
"549","Perverted","94","148","150","1417219226"
"550","Phishing","87","187","102","1417219644"
"551","Physics","160","157","74","1417216172"
"552","Pirate","151","165","63","1417218802"
"553","Platform","120","196","98","1417219739"
"554","Platformer","117","181","121","1417219639"
"555","Platonic Nudity","107","145","123","1417216269"
"556","Play God","157","141","61","1417219634"
"557","Player Can't Move","188","107","68","1417219727"
"558","Playground","137","167","79","1417217067"
"559","Playing Both Sides","228","106","50","1417218479"
"560","Point","118","180","71","1417219837"
"561","Pointers","128","192","80","1417219715"
"562","Political Comment","76","175","127","1417217790"
"563","Polymorphism","159","145","57","1417219379"
"564","Possession","152","148","62","1417219703"
"565","Post Apocalypse","183","137","59","1417219829"
"566","Postmodernistic Deconstruction","128","153","102","1417219123"
"567","Potato","146","135","101","1417218717"
"568","Poverty","139","186","68","1417218989"
"569","Power Up","179","147","42","1417219693"
"570","Precognition","160","177","50","1417218861"
"571","Preperation","107","174","84","1417219374"
"572","Presidents","65","191","112","1417219640"
"573","Pretending","140","166","50","1417217515"
"574","Priesthood","84","214","107","1417218758"
"575","Probability","175","148","60","1417218105"
"576","Procedural Generation","191","147","76","1417219333"
"577","Programming","129","138","85","1417219762"
"578","Progressive Life","154","194","69","1417219343"
"579","Protect","226","130","47","1417219331"
"580","Providence","86","202","80","1417219459"
"581","Pulsar","132","184","69","1417216528"
"582","Punishment","140","145","61","1417217737"
"583","Punk!","114","170","91","1417219409"
"584","Puzzle","102","162","105","1417219336"
"585","Pyramids","151","139","68","1417219739"
"586","Pyromania","207","135","63","1417219731"
"587","Quarantine","222","146","59","1417219486"
"588","Quest","144","170","83","1417219672"
"589","Quest for Identity","140","179","69","1417217978"
"590","Rage Game","123","169","93","1417218366"
"591","Rain","195","128","49","1417215470"
"592","Rainbow Vs Black","131","171","111","1417219836"
"593","Rainbows","133","152","81","1417219315"
"594","Random","162","154","84","1417217074"
"595","Rapid Growth","211","109","37","1417219552"
"596","Recursion","210","126","53","1417219198"
"597","Recycle","172","139","67","1417219739"
"598","Reflections","192","127","44","1417218751"
"599","Reflex Action","152","175","71","1417219760"
"600","Regret","132","185","63","1417219016"
"601","Relax","145","200","58","1417219442"
"602","Relaxation","138","152","69","1417219618"
"603","Remember to Breath","170","144","81","1417218673"
"604","Renaissance","127","177","71","1417218888"
"605","Renewal","176","177","47","1417219438"
"606","Repeating","178","152","53","1417219396"
"607","Revenge","166","147","70","1417219828"
"608","Revive","166","159","65","1417219791"
"609","Reward","130","188","78","1417219783"
"610","Rewind","165","171","59","1417219414"
"611","Riot","181","163","51","1417219679"
"612","Rivalry","159","172","57","1417219005"
"613","Robot Takeover","149","175","67","1417219314"
"614","Rocket Launchers","145","165","69","1417219681"
"615","Roller Coaster","99","184","80","1417217779"
"616","Roots and Fruits","106","200","72","1417219350"
"617","Rous","58","206","135","1417217981"
"618","Ruin the Economy","184","134","77","1417219743"
"619","Ruins","198","132","49","1417217357"
"620","Rule of Three","182","155","67","1417218579"
"621","Sabotage","226","123","47","1417219509"
"622","Sacrifice","193","144","46","1417219378"
"623","Salmon Cannon","103","156","121","1417219472"
"624","Salt","110","196","78","1417218746"
"625","Sandbox","160","179","75","1417219711"
"626","Sands","128","172","80","1417219668"
"627","Santa Claus","72","181","110","1417217902"
"628","Save Me","154","167","59","1417219838"
"629","Scary but Not Dark","150","153","79","1417215574"
"630","Scavenge","175","155","52","1417219099"
"631","School Trip","90","189","108","1417219029"
"632","Science is Power","205","131","55","1417219510"
"633","Scientific Simulator","153","158","86","1417219463"
"634","Seasons","174","157","51","1417219641"
"635","Secret","155","132","67","1417219191"
"636","Seemingly Impossible","180","125","68","1417217579"
"637","Self-defeating","162","142","59","1417218663"
"638","Self-reference","150","200","88","1417219448"
"639","Sex","116","145","142","1417219717"
"640","Sexism","90","148","154","1417219844"
"641","Shadow","217","142","44","1417218954"
"642","Sharp","131","200","71","1417219503"
"643","She","124","132","116","1417218073"
"644","Shoot","95","189","86","1417218998"
"645","Shooter","83","166","140","1417219498"
"646","Shopping","94","187","97","1417219210"
"647","Shoved","69","247","91","1417219628"
"648","Shovels","137","167","66","1417219338"
"649","Sick of It","133","168","79","1417217509"
"650","Sickness","136","200","74","1417219718"
"651","Simple","173","157","72","1417215615"
"652","Simplicity","212","114","51","1417219316"
"653","Simulation","135","169","79","1417219794"
"654","Simultaneity","164","149","74","1417219299"
"655","Slaughter","172","127","117","1417217733"
"656","Slender","54","198","121","1417219095"
"657","Sloth","88","174","103","1417219422"
"658","Small Vs Big","213","149","55","1417219079"
"659","So Close, Yet So Far","226","131","49","1417219004"
"660","So White As Snow","124","171","77","1417218061"
"661","Soft Wet and Ready","83","148","147","1417219516"
"662","Somber","102","191","82","1417219657"
"663","Sound","110","163","76","1417217801"
"664","Soup","99","184","120","1417219710"
"665","Space","185","120","71","1417219102"
"666","Space Base","163","158","57","1417219808"
"667","Space Combat","144","157","79","1417218345"
"668","Space Cowboys","176","145","81","1417219269"
"669","Space Navigation","165","155","60","1417219779"
"670","Space Travel","188","142","47","1417219797"
"671","Speed","164","158","63","1417219201"
"672","Speed Up Everything","190","158","59","1417218589"
"673","Spooky","130","183","73","1417218005"
"674","Sports","49","236","130","1417218312"
"675","Star Wars","78","161","150","1417219828"
"676","Statistics","104","187","92","1417219837"
"677","Stealth","190","137","66","1417218631"
"678","Steampunk","144","146","64","1417219288"
"679","Stop It!","147","142","68","1417219669"
"680","Storms","179","164","69","1417219011"
"681","Story","102","198","73","1417211900"
"682","Strange Physics","209","111","45","1417219466"
"683","Stranger","168","155","50","1417219754"
"684","Strategy","141","172","61","1417219619"
"685","Sub Zero","166","165","65","1417219320"
"686","Subconscious","146","171","62","1417219483"
"687","Subsurface","149","161","55","1417217420"
"688","Suggestion","105","162","95","1417218777"
"689","Summer","102","200","65","1417219821"
"690","Super Heavy","157","160","47","1417219502"
"691","Survival","157","146","59","1417219712"
"692","Survival Horror","112","193","100","1417218965"
"693","Survive","204","127","70","1417218770"
"694","Swag","93","161","152","1417219519"
"695","Swamp","141","197","72","1417219825"
"696","Switching Sides","209","120","44","1417219772"
"697","Sword","145","186","85","1417219220"
"698","Synchronized","203","135","41","1417219815"
"699","Take, Take, Take","156","179","67","1417219253"
"700","Technobabble","135","172","80","1417219628"
"701","Technology Tree","175","146","74","1417218184"
"702","Temporary Convenience","131","159","61","1417219548"
"703","Terrorism","81","173","137","1417217706"
"704","Tesla","162","153","65","1417219826"
"705","Text","115","154","96","1417219356"
"706","Text Wall","103","159","116","1417219491"
"707","Thanksgiving","36","207","131","1417219350"
"708","The Butterfly Effect","218","115","62","1417219645"
"709","The Core","189","130","56","1417218636"
"710","The Dance","85","197","97","1417219212"
"711","The End","166","151","61","1417219573"
"712","The End is Coming","221","122","50","1417219785"
"713","The End of the World","200","147","69","1417218934"
"714","The Final Countdown","171","137","62","1417218973"
"715","The Glorious 80's","127","176","108","1417219536"
"716","The Host","166","185","57","1417219787"
"717","The Last Second","219","140","49","1417219613"
"718","The Last Thing You Expect","189","120","80","1417219305"
"719","The Life of a Cat","148","130","106","1417215218"
"720","The Nights Get Darker","202","131","43","1417219803"
"721","The One","156","158","71","1417219250"
"722","The Only Way out is in","198","129","61","1417218652"
"723","The Other Side","212","101","48","1417219533"
"724","Powers of Two","181","146","57","1417218132"
"725","The Rain","177","138","58","1417218750"
"726","The Red Button","194","112","56","1417215624"
"727","The Unique Vision","152","153","74","1417218972"
"728","The World is","141","184","82","1417219321"
"729","Theme Park","114","226","74","1417218585"
"730","There is No Floor","220","116","70","1417218642"
"731","There is No Way Back","223","120","37","1417219100"
"732","There Might Be Others","218","119","34","1417218162"
"733","They're Quite Tasty","144","158","80","1417218156"
"734","Think Fast","183","124","48","1417219697"
"735","This is Your Prison","207","135","51","1417219815"
"736","This One Isn't Real","189","135","44","1417219795"
"737","This Will Destroy You","201","129","64","1417214029"
"738","Three Important Things","233","124","54","1417218988"
"739","Three Seasons","138","182","80","1417219335"
"740","Thunder","150","169","59","1417219197"
"741","Tick Tick Boom","145","161","87","1417218202"
"742","Ticket Controller","84","222","105","1417219520"
"743","Time","183","142","43","1417219625"
"744","Time Capsule","158","152","54","1417217093"
"745","Time Dilation","200","148","50","1417219321"
"746","Time is Money","156","148","51","1417219325"
"747","Time is Not Linear","221","101","51","1417219652"
"748","Time Travel","224","128","47","1417219437"
"749","Time Warp","197","129","56","1417217920"
"750","Time's Ticking!","194","151","67","1417219361"
"751","Tip of the Iceberg","173","120","60","1417215660"
"752","Tired of the System","150","152","64","1417218744"
"753","Together","177","144","61","1417214194"
"754","Too Easy to Lose","146","152","84","1417219622"
"755","Too Late","154","152","55","1417219329"
"756","Too Many Princesses","173","149","85","1417217904"
"757","Towers","162","154","65","1417219664"
"758","Transcendence","155","147","65","1417219312"
"759","Transformation","211","123","42","1417219631"
"760","Transport","147","154","66","1417219611"
"761","Trap","192","144","57","1417219371"
"762","Trapped","175","152","50","1417219741"
"763","Traps","199","132","31","1417219393"
"764","Traveller","218","131","49","1417219164"
"765","Treason","161","163","56","1417219346"
"766","Trust No One","188","127","43","1417219033"
"767","Turn It Up-side-down","145","171","68","1417217992"
"768","Twins","134","173","58","1417218798"
"769","Twisted Ways","168","159","47","1417216902"
"770","Two As One","186","136","58","1417219476"
"771","Two Colors","211","131","55","1417219200"
"772","Ugly is Sometimes Beautiful","130","163","94","1417219749"
"773","Unbuild","177","155","48","1417219816"
"774","Under the Ocean","153","158","75","1417218957"
"775","Under the Sea","161","138","71","1417217748"
"776","Undersea Adventures","150","167","72","1417219623"
"777","Understated","109","189","96","1417218820"
"778","Understatement","117","183","63","1417219714"
"779","Underway","104","206","68","1417218653"
"780","Unexpected","180","124","60","1417219741"
"781","Unicorns","124","162","96","1417218806"
"782","Unkillable","197","153","66","1417219206"
"783","Unlimited","186","148","44","1417219343"
"784","Unnecessary Hero","198","121","47","1417219622"
"785","Until the Light Comes","194","108","45","1417219422"
"786","Unwanted","168","172","45","1417219407"
"787","Unwinnable","139","177","83","1417219555"
"788","Up and Down","177","153","69","1417215966"
"789","Up, Up, Up","188","122","53","1417219459"
"790","Upgrade","189","133","66","1417219705"
"791","Use Your Brain","177","128","65","1417219229"
"792","Use Your Head","205","130","43","1417218907"
"793","Useful","116","225","77","1417218035"
"794","Utopia","206","145","54","1417219644"
"795","Vast","164","172","65","1417217955"
"796","Verticality","188","125","59","1417219675"
"797","Village","139","176","71","1417218659"
"798","Voices in My Head","183","152","54","1417219335"
"799","Void","197","136","57","1417219765"
"800","Volatile","153","146","57","1417218755"
"801","Wait for the Twist","141","156","84","1417219420"
"802","Wall of Text","114","180","100","1417219627"
"803","War","138","201","102","1417219744"
"804","War and Peace","137","194","104","1417218382"
"805","War Torn","134","197","66","1417218771"
"806","Water","142","178","64","1417219136"
"807","Water is Your Friend","167","139","55","1417219397"
"808","Wayfarer","124","190","87","1417219395"
"809","We Are Not Alone","220","103","47","1417219747"
"810","We Are One","185","110","64","1417217522"
"811","Weapons","101","196","103","1417218742"
"812","Welfare","98","214","98","1417219167"
"813","Whales","139","176","84","1417219478"
"814","What Am I?","182","126","57","1417218085"
"815","What Goes Around","151","152","68","1417218772"
"816","What If?","183","151","68","1417219736"
"817","What Lies Beyond","201","140","49","1417219672"
"818","What You See is What You Get","147","156","78","1417219318"
"819","Wheels","104","192","80","1417218102"
"820","When It Happens","133","163","76","1417219723"
"821","Who Am I?","180","143","78","1417219106"
"822","Who Turned out the Lights?","173","136","75","1417219774"
"823","Why Can't We Be Friends?","168","156","75","1417219834"
"824","Wierd","126","174","120","1417219077"
"825","Wild West","133","166","79","1417219509"
"826","Wind","191","171","56","1417219427"
"827","Wind of Change","159","162","64","1417219311"
"828","Windy Day","161","167","77","1417219828"
"829","Winter is Here","159","125","55","1417219301"
"830","Wireless Wires","101","191","112","1417219071"
"831","Women","109","140","125","1417217715"
"832","Won't Take a Hint","117","181","88","1417217828"
"833","Word","76","218","109","1417215604"
"834","World Building","195","168","60","1417219349"
"835","World Hunger","117","198","92","1417219037"
"836","Wrong Mechanics","178","137","69","1417218188"
"837","You Are Not Supposed to Be Here","237","84","51","1417217982"
"838","You Are the Boss","189","138","55","1417219578"
"839","You Are a God","186","135","77","1417219296"
"840","You Can't Stop","233","111","50","1417219642"
"841","You Don't Always Get What You Want","196","111","74","1417219676"
"842","You Have to Die","209","137","65","1417219665"
"843","You Only Live Once","184","117","91","1417215158"
"844","You Only Live Twice","187","117","55","1417218767"
"845","You're a an Animal","163","155","97","1417219603"
"846","You're the Teacher!","135","174","78","1417218880"
"847","Your Friend is Your Enemy","189","149","66","1417219679"
"848","Your Things Are My Things","166","144","63","1417219331"
"849","Zen","138","174","78","1417219347"
"850","Zombies","89","161","125","1417219361"
"851","Zombies with a Twist","105","160","118","1417216502"
